/*
Navicat MySQL Data Transfer

Source Server         : aaa
Source Server Version : 80011
Source Host           : 192.168.0.200:3306
Source Database       : blog

Target Server Type    : MYSQL
Target Server Version : 80011
File Encoding         : 65001

Date: 2018-12-10 19:05:08
*/

SET FOREIGN_KEY_CHECKS=0;

-- ----------------------------
-- Table structure for auth_menu
-- ----------------------------
DROP TABLE IF EXISTS `auth_menu`;
CREATE TABLE `auth_menu` (
  `id` int(11) NOT NULL AUTO_INCREMENT COMMENT 'ID',
  `syscode` tinyint(2) DEFAULT NULL COMMENT '系统编号：1-EE快聘；2-精英易；3-聘得易；',
  `title` varchar(60) CHARACTER SET utf8 COLLATE utf8_general_ci NOT NULL COMMENT '标题',
  `url` varchar(300) CHARACTER SET utf8 COLLATE utf8_general_ci DEFAULT NULL COMMENT 'URL地址',
  `link_urls` varchar(1000) CHARACTER SET utf8 COLLATE utf8_general_ci DEFAULT NULL COMMENT '相关url，授权后相关联URL也有效',
  `type` tinyint(1) NOT NULL DEFAULT '1' COMMENT '类型：1-菜单；2-功能；',
  `parent_id` int(11) NOT NULL DEFAULT '0' COMMENT '上级ID',
  `parent_path` varchar(30) CHARACTER SET utf8 COLLATE utf8_general_ci NOT NULL COMMENT '父级菜单id路径，逗号分隔',
  `level` int(11) NOT NULL DEFAULT '1' COMMENT '级别',
  `status` tinyint(1) NOT NULL DEFAULT '1' COMMENT '状态：1表示启用；2表示禁用；',
  `seq` int(11) NOT NULL DEFAULT '100',
  `remark` varchar(900) CHARACTER SET utf8 COLLATE utf8_general_ci DEFAULT NULL COMMENT '备注',
  `del` tinyint(1) NOT NULL DEFAULT '0' COMMENT '删除：1表示删除；0表示未删除；',
  `create_user_id` varchar(32) CHARACTER SET utf8 COLLATE utf8_general_ci NOT NULL COMMENT '创建人',
  `create_time` datetime NOT NULL COMMENT '创建时间',
  `update_user_id` varchar(32) CHARACTER SET utf8 COLLATE utf8_general_ci NOT NULL COMMENT ' 更新人',
  `update_time` datetime NOT NULL COMMENT '更新时间',
  PRIMARY KEY (`id`)
) ENGINE=InnoDB AUTO_INCREMENT=162 DEFAULT CHARSET=utf8;

-- ----------------------------
-- Records of auth_menu
-- ----------------------------
INSERT INTO `auth_menu` VALUES ('13', '1', '账号管理', '/admin/authority/users', null, '1', '0', '', '1', '1', '10', '', '0', 'aa9abc80b5964c38bd8e7e86b9b36d4f', '2018-08-24 17:29:28', 'aa9abc80b5964c38bd8e7e86b9b36d4f', '2018-10-16 20:57:08');
INSERT INTO `auth_menu` VALUES ('14', '1', '角色管理', '/admin/authority/role', null, '1', '0', '', '1', '1', '20', '', '0', 'aa9abc80b5964c38bd8e7e86b9b36d4f', '2018-08-24 17:29:50', 'aa9abc80b5964c38bd8e7e86b9b36d4f', '2018-10-17 16:59:51');
INSERT INTO `auth_menu` VALUES ('15', '1', '菜单管理', '/admin/authority/menu', null, '1', '0', '', '1', '1', '30', '', '0', 'aa9abc80b5964c38bd8e7e86b9b36d4f', '2018-08-24 17:30:07', 'aa9abc80b5964c38bd8e7e86b9b36d4f', '2018-08-24 17:30:07');
INSERT INTO `auth_menu` VALUES ('39', '1', '发布笔记', '/admin/blog/note', '', '1', '0', '', '1', '1', '1', '', '0', '1', '2018-10-22 10:30:18', '1', '2018-12-06 18:26:42');
INSERT INTO `auth_menu` VALUES ('40', '1', '查询', '/admin/authority/menu', '/admin/authority/setChildrenMenus2', '2', '15', '15', '2', '1', '10', '', '0', '1', '2018-10-22 16:44:57', '1', '2018-10-29 15:14:28');
INSERT INTO `auth_menu` VALUES ('55', '1', '新增', '/admin/blog/note/new', '/admin/blog/note/add', '2', '39', '39', '2', '1', '10', '', '0', '1', '2018-10-27 10:59:42', '1', '2018-12-06 18:28:25');
INSERT INTO `auth_menu` VALUES ('59', '1', '编辑', '/admin/blog/note/edit', '', '2', '39', '39', '2', '1', '10', '', '0', '1', '2018-10-29 14:11:42', '1', '2018-12-06 18:28:32');
INSERT INTO `auth_menu` VALUES ('60', '1', '删除', '/admin/blog/note/del', '', '2', '39', '39', '2', '1', '30', '', '0', '1', '2018-10-29 14:12:33', '1', '2018-12-06 18:28:38');
INSERT INTO `auth_menu` VALUES ('61', '1', '新增', '/admin/authority/users/new', '/admin/authority/users/add', '2', '13', '13', '2', '1', '10', '', '0', '1', '2018-10-29 14:13:44', '1', '2018-10-29 14:16:11');
INSERT INTO `auth_menu` VALUES ('63', '1', '授权', '/admin/authority/users/authority', '', '2', '13', '13', '2', '1', '20', '', '0', '1', '2018-10-29 14:14:43', '1', '2018-10-29 14:14:43');
INSERT INTO `auth_menu` VALUES ('65', '1', '禁用', '/admin/authority/users/disable', '', '2', '13', '13', '2', '1', '30', '', '0', '1', '2018-10-29 14:15:36', '1', '2018-10-29 14:15:36');
INSERT INTO `auth_menu` VALUES ('67', '1', '启用', '/admin/authority/users/enabled', '', '2', '13', '13', '2', '1', '40', '', '0', '1', '2018-10-29 14:33:21', '1', '2018-10-29 14:33:21');
INSERT INTO `auth_menu` VALUES ('68', '1', '删除', '/admin/authority/users/del', '', '2', '13', '13', '2', '1', '50', '', '0', '1', '2018-10-29 14:46:36', '1', '2018-10-29 14:46:36');
INSERT INTO `auth_menu` VALUES ('69', '1', '查询', '/admin/blog/note', '', '2', '39', '39', '2', '1', '0', '', '0', '1', '2018-10-29 14:48:36', '1', '2018-12-06 18:28:15');
INSERT INTO `auth_menu` VALUES ('71', '1', '查询', '/admin/authority/users', '', '2', '13', '13', '2', '1', '0', '', '0', '1', '2018-10-29 14:49:28', '1', '2018-10-29 14:49:28');
INSERT INTO `auth_menu` VALUES ('72', '1', '查询', '/admin/authority/role', '', '2', '14', '14', '2', '1', '0', '', '0', '1', '2018-10-29 14:51:26', '1', '2018-10-29 14:51:26');
INSERT INTO `auth_menu` VALUES ('73', '1', '新增', '/admin/authority/role/new', '/admin/authority/role/add', '2', '14', '14', '2', '1', '10', '', '0', '1', '2018-10-29 14:51:45', '1', '2018-10-29 14:53:10');
INSERT INTO `auth_menu` VALUES ('75', '1', '编辑', '/admin/authority/role/edit', '', '2', '14', '14', '2', '1', '30', '', '0', '1', '2018-10-29 14:52:39', '1', '2018-10-29 14:52:39');
INSERT INTO `auth_menu` VALUES ('76', '1', '授权', '/admin/authority/role/authority', '/admin/authority/rote/getMenuAuthority', '2', '14', '14', '2', '1', '40', '', '0', '1', '2018-10-29 14:53:45', '1', '2018-10-29 14:54:29');
INSERT INTO `auth_menu` VALUES ('77', '1', '删除', '/admin/authority/role/del', '', '2', '14', '14', '2', '1', '50', '', '0', '1', '2018-10-29 14:55:54', '1', '2018-10-29 14:55:54');
INSERT INTO `auth_menu` VALUES ('78', '1', '新增', '/admin/authority/menu/add', '', '2', '15', '15', '2', '1', '10', '', '0', '1', '2018-10-29 15:33:03', '1', '2018-10-29 15:33:03');
INSERT INTO `auth_menu` VALUES ('80', '1', '编辑', '/admin/authority/menu/edit', '', '2', '15', '15', '2', '1', '30', '', '0', '1', '2018-10-29 15:35:34', '1', '2018-10-29 15:35:34');
INSERT INTO `auth_menu` VALUES ('82', '1', '删除', '/admin/authority/menu/del', '', '2', '15', '15', '2', '1', '40', '', '0', '1', '2018-10-29 15:41:37', '1', '2018-10-29 15:41:37');
INSERT INTO `auth_menu` VALUES ('150', '1', '笔记分类', '/admin/blog/noteCategory', '', '1', '0', '', '1', '1', '0', '', '0', '1', '2018-12-06 18:53:25', '1', '2018-12-06 18:53:25');
INSERT INTO `auth_menu` VALUES ('151', '1', '查询', '/admin/blog/noteCategory', '', '2', '150', '150', '2', '1', '0', '', '0', '1', '2018-12-07 20:11:05', '1', '2018-12-07 20:11:05');
INSERT INTO `auth_menu` VALUES ('152', '1', '新增', '/admin/blog/noteCategory/new', '/admin/blog/noteCategory/add', '2', '150', '150', '2', '1', '10', '', '0', '1', '2018-12-07 20:11:44', '1', '2018-12-07 20:15:20');
INSERT INTO `auth_menu` VALUES ('153', '1', '编辑', '/admin/blog/noteCategory/edit', '', '2', '150', '150', '2', '1', '20', '', '0', '1', '2018-12-07 20:21:21', '1', '2018-12-07 20:22:35');
INSERT INTO `auth_menu` VALUES ('154', '1', '删除', '/admin/blog/noteCategory/del', '', '2', '150', '150', '2', '1', '40', '', '0', '1', '2018-12-07 20:23:15', '1', '2018-12-07 20:23:15');
INSERT INTO `auth_menu` VALUES ('155', '1', '我来了', '', '', '1', '0', '', '1', '1', '1', '', '1', '1', '2018-12-07 21:37:50', '1', '2018-12-07 21:44:09');
INSERT INTO `auth_menu` VALUES ('156', '1', '啊啊啊', '', '', '1', '0', '', '1', '1', '22', '', '1', '1', '2018-12-07 21:42:41', '1', '2018-12-07 21:43:33');
INSERT INTO `auth_menu` VALUES ('157', '1', 'a', '', '', '1', '0', '', '1', '1', '1', '', '1', '1', '2018-12-07 21:45:07', '1', '2018-12-07 21:45:13');
INSERT INTO `auth_menu` VALUES ('158', '1', '1', '', '', '1', '0', '', '1', '1', '2', '', '1', '1', '2018-12-07 21:46:34', '1', '2018-12-07 21:46:41');
INSERT INTO `auth_menu` VALUES ('159', '1', 'a ', '', '', '1', '0', '', '1', '1', '1', '', '1', '1', '2018-12-07 21:48:58', '1', '2018-12-07 21:49:07');
INSERT INTO `auth_menu` VALUES ('160', '1', 'bbb', '', '', '1', '0', '', '1', '1', '1', '', '1', '1', '2018-12-07 21:51:08', '1', '2018-12-07 21:51:14');
INSERT INTO `auth_menu` VALUES ('161', '1', 'aa 222222', '', '', '1', '0', '', '1', '1', '3', '', '1', '1', '2018-12-07 21:52:48', '1', '2018-12-07 21:53:04');

-- ----------------------------
-- Table structure for auth_role
-- ----------------------------
DROP TABLE IF EXISTS `auth_role`;
CREATE TABLE `auth_role` (
  `id` int(11) NOT NULL AUTO_INCREMENT COMMENT 'ID',
  `name` varchar(30) CHARACTER SET utf8 COLLATE utf8_general_ci NOT NULL COMMENT '角色名，限制10个汉字',
  `status` tinyint(1) NOT NULL DEFAULT '1' COMMENT '状态：1表示正常；2表示停用；',
  `remark` varchar(900) CHARACTER SET utf8 COLLATE utf8_general_ci DEFAULT NULL COMMENT '备注，限制最多300个汉字，英文字母也算一个汉字',
  `create_user_id` varchar(32) CHARACTER SET utf8 COLLATE utf8_general_ci NOT NULL COMMENT '创建人',
  `create_time` datetime NOT NULL COMMENT '创建时间',
  `update_user_id` varchar(32) CHARACTER SET utf8 COLLATE utf8_general_ci NOT NULL COMMENT '最后修改人',
  `update_time` datetime NOT NULL COMMENT '最后修改时间',
  PRIMARY KEY (`id`)
) ENGINE=InnoDB AUTO_INCREMENT=35 DEFAULT CHARSET=utf8 COMMENT='角色表：存储角色数据';

-- ----------------------------
-- Records of auth_role
-- ----------------------------
INSERT INTO `auth_role` VALUES ('29', '产品人员', '1', '除了系统设置外的权限基本都拥有', 'aa9abc80b5964c38bd8e7e86b9b36d4f', '2018-08-22 21:19:15', 'aa9abc80b5964c38bd8e7e86b9b36d4f', '2018-09-05 19:18:08');
INSERT INTO `auth_role` VALUES ('30', '运营人员', '1', '处理日常运营业务', 'aa9abc80b5964c38bd8e7e86b9b36d4f', '2018-08-22 21:19:31', 'aa9abc80b5964c38bd8e7e86b9b36d4f', '2018-08-22 21:19:31');
INSERT INTO `auth_role` VALUES ('32', '管理员', '1', '', '1', '2018-10-22 16:41:28', '1', '2018-10-29 12:11:21');

-- ----------------------------
-- Table structure for auth_role_menu
-- ----------------------------
DROP TABLE IF EXISTS `auth_role_menu`;
CREATE TABLE `auth_role_menu` (
  `syscode` tinyint(2) NOT NULL,
  `role_id` int(11) NOT NULL COMMENT '角色ID',
  `menu_id` int(11) NOT NULL COMMENT '菜单功能ID',
  `create_user_id` varchar(32) CHARACTER SET utf8 COLLATE utf8_general_ci NOT NULL COMMENT '创建人',
  `create_time` datetime NOT NULL COMMENT '创建时间',
  PRIMARY KEY (`role_id`,`menu_id`,`syscode`)
) ENGINE=InnoDB DEFAULT CHARSET=utf8 COMMENT='角色权限表：存储角色拥有的菜单功能权限数据';

-- ----------------------------
-- Records of auth_role_menu
-- ----------------------------
INSERT INTO `auth_role_menu` VALUES ('1', '32', '39', '1', '2018-12-07 21:42:50');
INSERT INTO `auth_role_menu` VALUES ('1', '32', '55', '1', '2018-12-07 21:42:50');
INSERT INTO `auth_role_menu` VALUES ('1', '32', '59', '1', '2018-12-07 21:42:50');
INSERT INTO `auth_role_menu` VALUES ('1', '32', '60', '1', '2018-12-07 21:42:50');
INSERT INTO `auth_role_menu` VALUES ('1', '32', '69', '1', '2018-12-07 21:42:50');
INSERT INTO `auth_role_menu` VALUES ('1', '32', '150', '1', '2018-12-07 21:42:50');
INSERT INTO `auth_role_menu` VALUES ('1', '32', '151', '1', '2018-12-07 21:42:50');
INSERT INTO `auth_role_menu` VALUES ('1', '32', '152', '1', '2018-12-07 21:42:50');
INSERT INTO `auth_role_menu` VALUES ('1', '32', '153', '1', '2018-12-07 21:42:50');
INSERT INTO `auth_role_menu` VALUES ('1', '32', '154', '1', '2018-12-07 21:42:50');
INSERT INTO `auth_role_menu` VALUES ('1', '32', '155', '1', '2018-12-07 21:42:50');
INSERT INTO `auth_role_menu` VALUES ('1', '32', '156', '1', '2018-12-07 21:42:50');

-- ----------------------------
-- Table structure for auth_user
-- ----------------------------
DROP TABLE IF EXISTS `auth_user`;
CREATE TABLE `auth_user` (
  `id` bigint(20) NOT NULL AUTO_INCREMENT COMMENT 'id',
  `uname` varchar(36) CHARACTER SET utf8 COLLATE utf8_general_ci NOT NULL COMMENT '用户名',
  `pword` varchar(64) CHARACTER SET utf8 COLLATE utf8_general_ci NOT NULL COMMENT '密码',
  `status` tinyint(1) NOT NULL DEFAULT '0' COMMENT '状态：0-正常；1-锁定;',
  `phone` varchar(11) CHARACTER SET utf8 COLLATE utf8_general_ci NOT NULL COMMENT '手机号码',
  `create_user_id` varchar(32) CHARACTER SET utf8 COLLATE utf8_general_ci NOT NULL,
  `create_time` datetime NOT NULL COMMENT '创建时间',
  `update_user_id` varchar(32) CHARACTER SET utf8 COLLATE utf8_general_ci NOT NULL,
  `update_time` datetime NOT NULL COMMENT '最后更新时间',
  PRIMARY KEY (`id`),
  UNIQUE KEY `U_M_U_PHONE` (`phone`) USING BTREE
) ENGINE=InnoDB AUTO_INCREMENT=15 DEFAULT CHARSET=utf8 COMMENT='后台用户表';

-- ----------------------------
-- Records of auth_user
-- ----------------------------
INSERT INTO `auth_user` VALUES ('1', 'admin', 'ca865006490c5fd14d6c8ea501ef284b2f4b0eb28bc5716d1dd4606baf2b3521', '0', '18922442249', '0', '2018-04-01 19:50:21', 'aa9abc80b5964c38bd8e7e86b9b36d4f', '2018-08-20 15:37:53');
INSERT INTO `auth_user` VALUES ('10', 'wuwei', 'ca865006490c5fd14d6c8ea501ef284b2f4b0eb28bc5716d1dd4606baf2b3521', '0', '16602724550', '1', '2018-10-19 10:03:01', '1', '2018-10-29 12:12:26');

-- ----------------------------
-- Table structure for auth_user_role
-- ----------------------------
DROP TABLE IF EXISTS `auth_user_role`;
CREATE TABLE `auth_user_role` (
  `user_id` bigint(20) NOT NULL COMMENT '用户ID',
  `role_id` int(11) NOT NULL COMMENT '角色ID',
  `create_user_id` varchar(32) CHARACTER SET utf8 COLLATE utf8_general_ci NOT NULL COMMENT '创建人',
  `create_time` datetime NOT NULL COMMENT '创建时间',
  PRIMARY KEY (`user_id`,`role_id`)
) ENGINE=InnoDB DEFAULT CHARSET=utf8 COMMENT='用户角色表：存储用户拥有的角色数据';

-- ----------------------------
-- Records of auth_user_role
-- ----------------------------
INSERT INTO `auth_user_role` VALUES ('2', '30', '1', '2018-08-22 21:19:46');
INSERT INTO `auth_user_role` VALUES ('10', '32', '1', '2018-12-07 20:01:27');

-- ----------------------------
-- Table structure for blog_note
-- ----------------------------
DROP TABLE IF EXISTS `blog_note`;
CREATE TABLE `blog_note` (
  `id` int(11) NOT NULL AUTO_INCREMENT COMMENT 'ID',
  `category_id` int(11) NOT NULL COMMENT '分类id',
  `title` varchar(300) CHARACTER SET utf8 COLLATE utf8_general_ci NOT NULL COMMENT '标题',
  `intro` varchar(1200) CHARACTER SET utf8 COLLATE utf8_general_ci NOT NULL COMMENT '版本号',
  `content` blob COMMENT '内容',
  `keyword` varchar(300) DEFAULT NULL COMMENT '关键字',
  `status` tinyint(1) DEFAULT NULL COMMENT '状态：1表示草稿；2表示已发布；',
  `create_user_id` int(11) NOT NULL COMMENT '创建人',
  `create_time` datetime NOT NULL COMMENT '创建时间',
  `update_user_id` int(11) NOT NULL COMMENT '更新人',
  `update_time` datetime NOT NULL COMMENT '更新时间',
  PRIMARY KEY (`id`)
) ENGINE=InnoDB AUTO_INCREMENT=36 DEFAULT CHARSET=utf8;

-- ----------------------------
-- Records of blog_note
-- ----------------------------
INSERT INTO `blog_note` VALUES ('5', '0', 'EE快聘综合管理平台 v1.0.0 发布', '1.0.0', 0x3C756C207374796C653D22626F782D73697A696E673A20626F726465722D626F783B206D617267696E2D626F74746F6D3A20313070783B20636F6C6F723A207267622835312C2035312C203531293B20666F6E742D66616D696C793A202671756F743B48656C766574696361204E6575652671756F743B2C2048656C7665746963612C20417269616C2C2073616E732D73657269663B20666F6E742D73697A653A20313470783B2077686974652D73706163653A206E6F726D616C3B206261636B67726F756E642D636F6C6F723A20726762283235352C203235352C20323535293B2220636C6173733D22206C6973742D70616464696E676C6566742D32223E3C6C693E3C703EE696B0E5A29EE3809020E68B9BE88198E88085E8BAABE4BBBDE5AEA1E6A0B820E38091E58A9FE883BDE380823C2F703E3C2F6C693E3C6C693E3C703EE696B0E5A29EE3809020E7AE80E58E86E4B8BEE68AA5E5AEA1E6A0B820E38091E58A9FE883BDE380823C2F703E3C2F6C693E3C2F756C3E, null, '1', '1', '2018-10-22 11:49:01', '1', '2018-10-22 11:49:09');
INSERT INTO `blog_note` VALUES ('6', '0', 'EE快聘综合管理平台 v1.1.0 发布', '1.1.0', 0x3C756C207374796C653D22626F782D73697A696E673A20626F726465722D626F783B206D617267696E2D626F74746F6D3A20313070783B20636F6C6F723A207267622835312C2035312C203531293B20666F6E742D66616D696C793A202671756F743B48656C766574696361204E6575652671756F743B2C2048656C7665746963612C20417269616C2C2073616E732D73657269663B20666F6E742D73697A653A20313470783B2077686974652D73706163653A206E6F726D616C3B206261636B67726F756E642D636F6C6F723A20726762283235352C203235352C20323535293B2220636C6173733D22206C6973742D70616464696E676C6566742D32223E3C6C693E3C703EE696B0E5A29EE3809020E69893E5B881E6B581E6B0B4E69FA5E8AFA220E38091E58A9FE883BDE380823C2F703E3C2F6C693E3C2F756C3E, null, '1', '1', '2018-10-22 11:50:03', '1', '2018-10-22 11:50:03');
INSERT INTO `blog_note` VALUES ('7', '0', 'EE快聘综合管理平台 v1.2.0 发布', '1.2.0', 0x3C756C207374796C653D22626F782D73697A696E673A20626F726465722D626F783B206D617267696E2D626F74746F6D3A20313070783B20636F6C6F723A207267622835312C2035312C203531293B20666F6E742D66616D696C793A202671756F743B48656C766574696361204E6575652671756F743B2C2048656C7665746963612C20417269616C2C2073616E732D73657269663B20666F6E742D73697A653A20313470783B2077686974652D73706163653A206E6F726D616C3B206261636B67726F756E642D636F6C6F723A20726762283235352C203235352C20323535293B2220636C6173733D22206C6973742D70616464696E676C6566742D32223E3C6C693E3C703EE696B0E5A29EE3809020E794A8E688B7E6B3A8E5868CE9878FE7BB9FE8AEA120E38091E58A9FE883BDE380823C2F703E3C2F6C693E3C6C693E3C703EE696B0E5A29EE3809020E5BEAEE4BFA1E58585E580BCE9878FE7BB9FE8AEA120E38091E58A9FE883BDE380823C2F703E3C2F6C693E3C2F756C3E, null, '1', '1', '2018-10-22 11:50:52', '1', '2018-10-22 11:50:52');
INSERT INTO `blog_note` VALUES ('8', '0', 'EE快聘综合管理平台 v1.3.0 发布', '1.3.0', 0x3C756C207374796C653D22626F782D73697A696E673A20626F726465722D626F783B206D617267696E2D626F74746F6D3A20313070783B20636F6C6F723A207267622835312C2035312C203531293B20666F6E742D66616D696C793A202671756F743B48656C766574696361204E6575652671756F743B2C2048656C7665746963612C20417269616C2C2073616E732D73657269663B20666F6E742D73697A653A20313470783B2077686974652D73706163653A206E6F726D616C3B206261636B67726F756E642D636F6C6F723A20726762283235352C203235352C20323535293B2220636C6173733D22206C6973742D70616464696E676C6566742D32223E3C6C693E3C703EE696B0E5A29EE3809020E78988E69CACE58F91E5B883E8AEB0E5BD9520E38091E58A9FE883BDE38082E799BBE5BD95E5908EE58FB0E79BB4E68EA5E8AEBFE997AEE78988E69CACE58F91E5B883E8AEB0E5BD95E380823C2F703E3C2F6C693E3C6C693E3C703EE7B3BBE7BB9FE5BA95E983A8E5A29EE58AA0E5BD93E5898DE78988E69CACE58FB7EFBC8CE782B9E587BBE78988E69CACE58FB7E4B99FE58FAFE4BBA5E8BF9BE585A5E78988E69CACE58F91E5B883E8AEB0E5BD95E380823C2F703E3C2F6C693E3C6C693E3C703EE8B083E695B4E7B3BBE7BB9FE88F9CE58D95EFBC8CE4BB8EE5BC80E5A78BE79A84E58FAAE69C89E4B880E7BAA7E88F9CE58D95E8B083E695B4E4B8BAE58FAFE69C89E4B880E7BAA7E38081E4BA8CE7BAA7E88F9CE58D95E380823C2F703E3C2F6C693E3C6C693E3C703EE3809020E68B9BE88198E88085E8BAABE4BBBDE5AEA1E6A0B820E38091E5A29EE58AA0E697A5E69C9FE68F92E4BBB6EFBC8CE68F90E4BE9BE697B6E997B4E69DA1E4BBB6E7AD9BE98089E695B0E68DAEE380823C2F703E3C2F6C693E3C6C693E3C703EE3809020E7AE80E58E86E4B8BEE68AA5E5AEA1E6A0B820E38091E5A29EE58AA0E697A5E69C9FE68F92E4BBB6EFBC8CE68F90E4BE9BE697B6E997B4E69DA1E4BBB6E7AD9BE98089E695B0E68DAEE380823C2F703E3C2F6C693E3C6C693E3C703EE3809020E69893E5B881E6B581E6B0B4E69FA5E8AFA220E38091E5A29EE58AA0E697A5E69C9FE68F92E4BBB6EFBC8CE68F90E4BE9BE697B6E997B4E69DA1E4BBB6E7AD9BE98089E695B0E68DAEE380823C2F703E3C2F6C693E3C6C693E3C703EE3809020E794A8E688B7E6B3A8E5868CE9878FE7BB9FE8AEA120E38091E5A29EE58AA0E697A5E69C9FE68F92E4BBB6EFBC8CE68F90E4BE9BE697B6E997B4E69DA1E4BBB6E7AD9BE98089E695B0E68DAEE380823C2F703E3C2F6C693E3C6C693E3C703EE3809020E5BEAEE4BFA1E58585E580BCE9878FE7BB9FE8AEA120E38091E5A29EE58AA0E697A5E69C9FE68F92E4BBB6EFBC8CE68F90E4BE9BE697B6E997B4E69DA1E4BBB6E7AD9BE98089E695B0E68DAEE380823C2F703E3C2F6C693E3C2F756C3E, null, '1', '1', '2018-10-22 11:51:45', '1', '2018-10-22 11:51:45');
INSERT INTO `blog_note` VALUES ('9', '0', 'EE快聘综合管理平台 v1.4.0 发布', '1.4.0', 0x3C756C207374796C653D22626F782D73697A696E673A20626F726465722D626F783B206D617267696E2D626F74746F6D3A20313070783B20636F6C6F723A207267622835312C2035312C203531293B20666F6E742D66616D696C793A202671756F743B48656C766574696361204E6575652671756F743B2C2048656C7665746963612C20417269616C2C2073616E732D73657269663B20666F6E742D73697A653A20313470783B2077686974652D73706163653A206E6F726D616C3B206261636B67726F756E642D636F6C6F723A20726762283235352C203235352C20323535293B2220636C6173733D22206C6973742D70616464696E676C6566742D32223E3C6C693E3C703EE4BFAEE5A48DE3809020E68B9BE88198E88085E8BAABE4BBBDE5AEA1E6A0B820E38091E9A9B3E59B9EE697A0E6B395E4BDBFE794A8E997AEE9A298E380823C2F703E3C2F6C693E3C6C693E3C703EE696B0E5A29EE3809020E7AE80E58E86E8AF81E6988EE69D90E69699E5AEA1E6A0B820E38091E58A9FE883BDE380823C2F703E3C2F6C693E3C6C693E3C703EE5BA9FE5BC83E3809020E7AE80E58E86E4B8BEE68AA5E5AEA1E6A0B820E38091E58A9FE883BDE380823C2F703E3C2F6C693E3C6C693E3C703EE696B0E5A29EE3809020E7AE80E58E86E4B8BEE68AA5E887AAE58AA8E58F97E79086E69CBAE588B620E38091EFBC9AE7AE80E58E86E8A2ABE4B8BEE68AA5E4B880E6ACA1EFBC8C3234E5B08FE697B6E58685E69CAAE4B88AE4BCA0E8AF81E6988EE69D90E69699EFBC8CE8A2ABE4B8BEE68AA5E6ACA1E695B02B31E38082E8A2ABE4B8BEE68AA5E6ACA1E695B0E7AD89E4BA8E32E6ACA1EFBC8CE59CA8E7AE80E58E86E58897E8A1A8E9878CE99DA2E698BEE7A4BAE2809CE79691E997AEE2809DE78AB6E68081E38082E8A2ABE4B8BEE68AA5E6ACA1E695B0E5A4A7E4BA8E33E6ACA1EFBC88E590AB33E6ACA1EFBC89EFBC8CE7AE80E58E86E887AAE58AA8E4B88BE69EB6E38082E5908CE4B880E4B8AAE4BABAE5AFB9E5908CE4B880E4BBBDE7AE80E58E86E4B8BEE68AA5EFBC8CE58FAAE7AE97E4B880E6ACA1E380823C2F703E3C2F6C693E3C2F756C3E, null, '1', '1', '2018-10-22 11:52:33', '1', '2018-10-22 11:52:33');
INSERT INTO `blog_note` VALUES ('10', '0', 'EE快聘综合管理平台 v1.5.0 发布', '1.5.0', 0x3C756C207374796C653D22626F782D73697A696E673A20626F726465722D626F783B206D617267696E2D626F74746F6D3A20313070783B20636F6C6F723A207267622835312C2035312C203531293B20666F6E742D66616D696C793A202671756F743B48656C766574696361204E6575652671756F743B2C2048656C7665746963612C20417269616C2C2073616E732D73657269663B20666F6E742D73697A653A20313470783B2077686974652D73706163653A206E6F726D616C3B206261636B67726F756E642D636F6C6F723A20726762283235352C203235352C20323535293B2220636C6173733D22206C6973742D70616464696E676C6566742D32223E3C6C693E3C703EE5A29EE58AA0E8AEBFE997AEE5908EE58FB0E79A84E38090E7B3BBE7BB9FE7AEA1E79086E380912DE38090E8B4A6E58FB7E7AEA1E79086E38091E58A9FE883BDE380823C2F703E3C2F6C693E3C6C693E3C703EE99990E588B6E4BA86E58FAAE69C89E8B685E7BAA7E7AEA1E79086E59198E8B4A6E58FB7EFBC8CE6898DE883BDE8AEBFE997AEE8B4A6E58FB7E7AEA1E79086E58A9FE883BDE380823C2F703E3C2F6C693E3C6C693E3C703EE9809AE8BF87E5908EE58FB0E8B4A6E58FB7E79A84E6898BE69CBAE58FB7E7A081E58FAFE4BBA5E585B3E88194E7AE80E58E86E69893E8AFA5E6898BE69CBAE58FB7E7A081E79A84E8B4A6E58FB7E4BFA1E681AFE380823C2F703E3C2F6C693E3C6C693E3C703EE4BFAEE5A48DE5AF86E7A081E4BFAEE694B9E58A9FE883BDE380823C2F703E3C2F6C693E3C2F756C3E, null, '1', '1', '2018-10-22 11:53:40', '1', '2018-10-22 11:53:40');
INSERT INTO `blog_note` VALUES ('11', '0', 'EE快聘综合管理平台 v1.6.0 发布', '1.6.0', 0x3C756C207374796C653D22626F782D73697A696E673A20626F726465722D626F783B206D617267696E2D626F74746F6D3A20313070783B20636F6C6F723A207267622835312C2035312C203531293B20666F6E742D66616D696C793A202671756F743B48656C766574696361204E6575652671756F743B2C2048656C7665746963612C20417269616C2C2073616E732D73657269663B20666F6E742D73697A653A20313470783B2077686974652D73706163653A206E6F726D616C3B206261636B67726F756E642D636F6C6F723A20726762283235352C203235352C20323535293B2220636C6173733D22206C6973742D70616464696E676C6566742D32223E3C6C693E3C703EE5A29EE58AA0E38090E5BEAEE4BFA1E58585E580BCE8AEB0E5BD95E69FA5E8AFA2E380913C2F703E3C2F6C693E3C6C693E3C703EE38090E69893E5B881E4BAA4E69893E6B581E6B0B4E69FA5E8AFA2E38091E5A29EE58AA0E6A0B9E68DAEE4BAA4E69893E7B1BBE59E8BE7AD9BE98089E69DA1E4BBB63C2F703E3C2F6C693E3C6C693E3C703EE38090E69893E5B881E4BAA4E69893E6B581E6B0B4E69FA5E8AFA2E38091E5A29EE58AA0E58D95E4BD8DEFBC9AE69893E5B8813C2F703E3C2F6C693E3C2F756C3E, null, '1', '1', '2018-10-22 11:54:17', '1', '2018-10-22 11:54:17');
INSERT INTO `blog_note` VALUES ('12', '0', 'EE快聘综合管理平台 v1.7.0 发布', '1.7.0', 0x3C756C207374796C653D22626F782D73697A696E673A20626F726465722D626F783B206D617267696E2D626F74746F6D3A20313070783B20636F6C6F723A207267622835312C2035312C203531293B20666F6E742D66616D696C793A202671756F743B48656C766574696361204E6575652671756F743B2C2048656C7665746963612C20417269616C2C2073616E732D73657269663B20666F6E742D73697A653A20313470783B2077686974652D73706163653A206E6F726D616C3B206261636B67726F756E642D636F6C6F723A20726762283235352C203235352C20323535293B2220636C6173733D22206C6973742D70616464696E676C6566742D32223E3C6C693E3C703EE5A29EE58AA0E38090E7B3BBE7BB9FE8AEBEE7BDAEE380912DE38090E8A792E889B2E7AEA1E79086E38091E58A9FE883BD3C2F703E3C2F6C693E3C6C693E3C703EE38090E7B3BBE7BB9FE8AEBEE7BDAEE380912DE38090E8B4A6E58FB7E7AEA1E79086E38091E5A29EE58AA0E68E88E69D83E58A9FE883BDEFBC8CE58FAFE4BBA5E58886E9858DE8A792E889B23C2F703E3C2F6C693E3C2F756C3E, null, '1', '1', '2018-10-22 11:54:49', '1', '2018-10-22 11:55:38');
INSERT INTO `blog_note` VALUES ('13', '0', 'EE快聘综合管理平台 v1.8.0 发布', '1.8.0', 0x3C756C207374796C653D22626F782D73697A696E673A20626F726465722D626F783B206D617267696E2D626F74746F6D3A20313070783B20636F6C6F723A207267622835312C2035312C203531293B20666F6E742D66616D696C793A202671756F743B48656C766574696361204E6575652671756F743B2C2048656C7665746963612C20417269616C2C2073616E732D73657269663B20666F6E742D73697A653A20313470783B2077686974652D73706163653A206E6F726D616C3B206261636B67726F756E642D636F6C6F723A20726762283235352C203235352C20323535293B2220636C6173733D22206C6973742D70616464696E676C6566742D32223E3C6C693E3C703EE5A29EE58AA0E38090E695B0E68DAEE69FA5E8AFA2E380912DE38090E4B8BEE68AA5E8AEB0E5BD95E69FA5E8AFA2E38091E58A9FE883BD3C2F703E3C2F6C693E3C6C693E3C703EE38090E4B89AE58AA1E58F97E79086E380912DE38090E68B9BE88198E88085E8BAABE4BBBDE5AEA1E6A0B8E38091E5A29EE58AA0E9A9B3E59B9EE58E9FE59BA0E5A1ABE58699E58A9FE883BDEFBC8CE69FA5E8AFA2E58897E8A1A8E5928CE8AFA6E68385E5A29EE58AA0E4BA86E5AEA1E6A0B8E4BABAEFBC8CE5AEA1E6A0B8E697B6E997B4EFBC8CE5AEA1E6A0B8E5A487E6B3A8E7AD89E4BFA1E681AFE5B195E78EB0E380823C2F703E3C2F6C693E3C6C693E3C703EE38090E4B89AE58AA1E58F97E79086E380912DE38090E68B9BE88198E88085E8BAABE4BBBDE5AEA1E6A0B8E38091E5AEA1E6A0B8E9809AE8BF87E5908EEFBC8CE5B086E58F91E98081E6898BE69CBAE79FADE4BFA1E380823C6272207374796C653D22626F782D73697A696E673A20626F726465722D626F783B222F3EE38090E79FADE4BFA1E58685E5AEB9E38091EFBC9AE682A8E79A84E8AEA4E8AF81E4BFA1E681AFE5AEA1E6A0B8E5A4B1E8B4A5EFBC8CE8AFB7E5898DE5BE80E5B08FE7A88BE5BA8FE58685E69FA5E79C8BE5B9B6E9878DE696B0E68F90E4BAA4E8AEA4E8AF81E8B584E69699E38082E5A682E69C89E4BBBBE4BD95E79691E997AEE8AFB7E585B3E6B3A8E5BEAEE4BFA1E585ACE4BC97E58FB7E2809CE8818CE59CBAE69893E2809DE4B88EE68891E4BBACE88194E7B3BBEFBC813C2F703E3C2F6C693E3C6C693E3C703EE38090E4B89AE58AA1E58F97E79086E380912DE38090E68B9BE88198E88085E8BAABE4BBBDE5AEA1E6A0B8E38091E5AEA1E6A0B8E9A9B3E59B9EE5908EEFBC8CE5B086E58F91E98081E6898BE69CBAE79FADE4BFA1E380823C6272207374796C653D22626F782D73697A696E673A20626F726465722D626F783B222F3EE38090E79FADE4BFA1E58685E5AEB9E38091EFBC9AE682A8E79A84E8AEA4E8AF81E4BFA1E681AFE5AEA1E6A0B8E68890E58A9FEFBC8CE8AFB7E5898DE5BE80E5B08FE7A88BE5BA8FE58685E69FA5E79C8BE38082E5A682E69C89E4BBBBE4BD95E79691E997AEEFBC8CE58FAFE585B3E6B3A8E5BEAEE4BFA1E585ACE4BC97E58FB7E2809CE8818CE59CBAE69893E2809DE4B88EE68891E4BBACE88194E7B3BBEFBC813C2F703E3C2F6C693E3C6C693E3C703EE99288E5AFB9E7AE80E58E86E69893E7AEA1E79086E5B9B3E58FB0EFBC8CE5AFB9E58F91E98081E6898BE69CBAE79FADE4BFA1E58A9FE883BDE5A29EE58AA0E69C8DE58AA1E599A8E78EAFE5A283E9858DE7BDAEEFBC8C3C7370616E207374796C653D22626F782D73697A696E673A20626F726465722D626F783B20666F6E742D7765696768743A203730303B223EE5BC80E58F91E78EAFE5A283E4B88DE4BC9AE58F91E98081E79FADE4BFA13C2F7370616E3EEFBC8CE7949FE4BAA7E78EAFE5A283E4BC9AE58F91E98081E6898BE69CBAE79FADE4BFA1E380823C2F703E3C2F6C693E3C6C693E3C703EE99288E5AFB9E7AE80E58E86E69893E7AEA1E79086E5B9B3E58FB0EFBC8CE5AFB9E58F91E98081E79FADE4BFA1E5A29EE58AA0E6898BE69CBAE58FB7E7A081E8BF87E6BBA4E58A9FE883BDEFBC8CE8A2ABE8BF87E6BBA4E79A84E6898BE69CBAE58FB7E7A081E4B88DE4BC9AE58F91E98081E79FADE4BFA1E38082E4BE8BE5A682EFBC9AE68891E4BBACE6B58BE8AF95E794A8E79A84E8999AE58187E6898BE69CBAE58FB7E7A081E380823C2F703E3C2F6C693E3C6C693E3C703EE99288E5AFB9E7AE80E58E86E69893E7AEA1E79086E5B9B3E58FB0EFBC8CE4BBA5E4B88BE6B58BE8AF95E794A8E79A84E8999AE58187E6898BE69CBAE58FB7E7A081E5819AE4BA86E68E92E999A4E58F91E98081E79FADE4BFA1E58A9FE883BDEFBC9A3C6272207374796C653D22626F782D73697A696E673A20626F726465722D626F783B222F3E262333393B3133353738373935383730262333393B2C20262333393B3133353634383535363430262333393B2C20262333393B3133353838393934353236262333393B2C20262333393B3133353939373835343631262333393B2C20262333393B3133363436323438353431262333393B2C20262333393B3133353436383133353436262333393B2C266E6273703B3C6272207374796C653D22626F782D73697A696E673A20626F726465722D626F783B222F3E262333393B3138353634393835333135262333393B2C20262333393B3138353539313433353436262333393B2C20262333393B3138353639343331333138262333393B2C20262333393B3138363436383431333433262333393B2C20262333393B3135383634363837383433262333393B2C20262333393B3135363738343338353734262333393B2C266E6273703B3C6272207374796C653D22626F782D73697A696E673A20626F726465722D626F783B222F3E262333393B3135363634353335383431262333393B2C20262333393B3135363837343338343133262333393B2C20262333393B3133333536343834313234262333393B3C2F703E3C2F6C693E3C2F756C3E, null, '1', '1', '2018-10-22 11:55:25', '1', '2018-10-22 11:55:25');
INSERT INTO `blog_note` VALUES ('14', '0', 'EE快聘综合管理平台 v1.9.0 发布', '1.9.0', 0x3C756C207374796C653D22626F782D73697A696E673A20626F726465722D626F783B206D617267696E2D626F74746F6D3A20313070783B20636F6C6F723A207267622835312C2035312C203531293B20666F6E742D66616D696C793A202671756F743B48656C766574696361204E6575652671756F743B2C2048656C7665746963612C20417269616C2C2073616E732D73657269663B20666F6E742D73697A653A20313470783B2077686974652D73706163653A206E6F726D616C3B206261636B67726F756E642D636F6C6F723A20726762283235352C203235352C20323535293B2220636C6173733D22206C6973742D70616464696E676C6566742D32223E3C6C693E3C703EE5A29EE58AA0E38090E7B3BBE7BB9FE8AEBEE7BDAEE380912DE38090E88F9CE58D95E7AEA1E79086E38091E58A9FE883BD3C2F703E3C2F6C693E3C6C693E3C703EE5AFB9E7AE80E58E86E69893E7AEA1E79086E5B9B3E58FB0E79A84E7B3BBE7BB9FE88F9CE58D95E8BF9BE8A18CE4BA86E799BBE8AEB0E7AEA1E79086EFBC8CE8B083E695B4E4BA86E88F9CE58D95E8B7AFE5BE84E68C87E5BC953C2F703E3C2F6C693E3C2F756C3E3C703E3C62722F3E3C2F703E, null, '1', '1', '2018-10-22 11:56:26', '1', '2018-10-22 11:56:26');
INSERT INTO `blog_note` VALUES ('15', '0', 'EE快聘综合管理平台 v1.0.0 发布', '1.10.0', 0x3C756C207374796C653D22626F782D73697A696E673A20626F726465722D626F783B206D617267696E2D626F74746F6D3A20313070783B20636F6C6F723A207267622835312C2035312C203531293B20666F6E742D66616D696C793A202671756F743B48656C766574696361204E6575652671756F743B2C2048656C7665746963612C20417269616C2C2073616E732D73657269663B20666F6E742D73697A653A20313470783B2077686974652D73706163653A206E6F726D616C3B206261636B67726F756E642D636F6C6F723A20726762283235352C203235352C20323535293B2220636C6173733D22206C6973742D70616464696E676C6566742D32223E3C6C693E3C703EE5A29EE58AA0E38090E88F9CE58D95E7AEA1E79086E38091E58A9FE883BD3C2F703E3C2F6C693E3C6C693E3C703EE7B3BBE7BB9FE88F9CE58D95E6A0B9E68DAEE38090E88F9CE58D95E7AEA1E79086E38091E9878CE99DA2E8AEBEE7BDAEE79A84E88F9CE58D95E698BEE7A4BA3C2F703E3C2F6C693E3C6C693E3C703EE5A29EE58AA0E88F9CE58D95E7B1BBE59E8BE58886E4B8BAEFBC9AE88F9CE58D95E5928CE58A9FE883BDEFBC8CE4B8A4E7A78DE7B1BBE59E8BE58CBAE588863C2F703E3C2F6C693E3C2F756C3E, null, '1', '1', '2018-10-22 11:56:53', '1', '2018-10-22 11:56:53');
INSERT INTO `blog_note` VALUES ('16', '0', 'EE快聘综合管理平台 v1.11.0 发布', '1.11.0', 0x3C756C207374796C653D22626F782D73697A696E673A20626F726465722D626F783B206D617267696E2D626F74746F6D3A20313070783B20636F6C6F723A207267622835312C2035312C203531293B20666F6E742D66616D696C793A202671756F743B48656C766574696361204E6575652671756F743B2C2048656C7665746963612C20417269616C2C2073616E732D73657269663B20666F6E742D73697A653A20313470783B2077686974652D73706163653A206E6F726D616C3B206261636B67726F756E642D636F6C6F723A20726762283235352C203235352C20323535293B2220636C6173733D22206C6973742D70616464696E676C6566742D32223E3C6C693E3C703EE5AFB9E7B3BBE7BB9FE4B88AE79A84E88F9CE58D95E69D83E99990E695B0E68DAEE8BF9BE8A18CE799BBE8AEB03C2F703E3C2F6C693E3C6C693E3C703EE5A29EE58AA0E99288E5AFB9E8A792E889B2E8BF9BE8A18CE68E88E69D83E58A9FE883BD3C2F703E3C2F6C693E3C6C693E3C703EE8B083E695B4E88F9CE58D95E58A9FE883BDE69D83E99990E695B0E68DAEE799BBE8AEB0EFBC8CE5B9B6E8B083E88F9CE58D95E79A84E695B4E6A091E78AB6E7BB93E69E843C2F703E3C2F6C693E3C6C693E3C703EE5AFB9E794A8E688B7E68E88E69D83E8A792E889B2E58A9FE883BDE8BF9BE8A18CE8B083E695B43C2F703E3C2F6C693E3C6C693E3C703EE5AFB9E794A8E688B7E58FAFE8A781E79A84E5AFBCE888AAE88F9CE58D95E8BF9BE8A18CE69D83E99990E68EA7E588B63C2F703E3C2F6C693E3C6C693E3C703EE5AFB9E8B685E7BAA7E7AEA1E79086E59198E79A84E69D83E99990E8BF9BE8A18CE8BF87E6BBA4E68EA7E588B63C2F703E3C2F6C693E3C6C693E3C703EE5AFB9E794A8E688B7E799BBE5BD95E5908EE887AAE5B7B1E58FAFE8A781E79A84E88F9CE58D95E8BF9BE8A18CE695B0E68DAEE7BC93E5AD98E5A484E790863C2F703E3C2F6C693E3C2F756C3E, null, '1', '1', '2018-10-22 11:57:28', '1', '2018-10-22 11:57:28');
INSERT INTO `blog_note` VALUES ('17', '0', 'EE快聘综合管理平台 v1.12.0 发布', '1.12.0', 0x3C756C207374796C653D22626F782D73697A696E673A20626F726465722D626F783B206D617267696E2D626F74746F6D3A20313070783B20636F6C6F723A207267622835312C2035312C203531293B20666F6E742D66616D696C793A202671756F743B48656C766574696361204E6575652671756F743B2C2048656C7665746963612C20417269616C2C2073616E732D73657269663B20666F6E742D73697A653A20313470783B2077686974652D73706163653A206E6F726D616C3B206261636B67726F756E642D636F6C6F723A20726762283235352C203235352C20323535293B2220636C6173733D22206C6973742D70616464696E676C6566742D32223E3C6C693E3C703EE696B0E5A29EEFBC9AE38090E5AE9EE9AA8CE5AEA4E380912DE38090E7AE80E58E86E6909CE7B4A2E38091EFBC8CE588A9E794A8E6909CE7B4A2E5BC95E6938EE68A80E69CAFEFBC8CE7BC96E58699E587BAE6909CE7B4A2E5BC95E6938EE69FA5E689BEE7BB93E69E9CE79A84E5AE9EE9AA8CE4BE8BE5AD90E380823C2F703E3C2F6C693E3C2F756C3E, null, '1', '1', '2018-10-22 11:58:02', '1', '2018-10-22 11:58:02');
INSERT INTO `blog_note` VALUES ('18', '0', 'EE快聘综合管理平台 v1.13.0 发布', '1.13.0', 0x3C756C207374796C653D22626F782D73697A696E673A20626F726465722D626F783B206D617267696E2D626F74746F6D3A20313070783B20636F6C6F723A207267622835312C2035312C203531293B20666F6E742D66616D696C793A202671756F743B48656C766574696361204E6575652671756F743B2C2048656C7665746963612C20417269616C2C2073616E732D73657269663B20666F6E742D73697A653A20313470783B2077686974652D73706163653A206E6F726D616C3B206261636B67726F756E642D636F6C6F723A20726762283235352C203235352C20323535293B2220636C6173733D22206C6973742D70616464696E676C6566742D32223E3C6C693E3C703EE696B0E5A29EEFBC9AE5AFB9E7AE80E58E86E69893E79A84E7AE80E58E86E695B0E68DAEE5AE9EE78EB0E887AAE58AA8E98787E99B86E5908CE6ADA5E588B0E6909CE7B4A2E5BC95E6938EE380823C2F703E3C2F6C693E3C6C693E3C703EE696B0E5A29EEFBC9AE5AFB9E7AE80E58E86E69893E79A84E5B297E4BD8DE695B0E68DAEE5AE9EE78EB0E887AAE58AA8E98787E99B86E5908CE6ADA5E588B0E6909CE7B4A2E5BC95E6938EE380823C2F703E3C2F6C693E3C2F756C3E, null, '1', '1', '2018-10-22 11:58:35', '1', '2018-10-22 11:58:35');
INSERT INTO `blog_note` VALUES ('19', '0', 'EE快聘综合管理平台 v1.14.0 发布', '1.14.0', 0x3C756C207374796C653D22626F782D73697A696E673A20626F726465722D626F783B206D617267696E2D626F74746F6D3A20313070783B20636F6C6F723A207267622835312C2035312C203531293B20666F6E742D66616D696C793A202671756F743B48656C766574696361204E6575652671756F743B2C2048656C7665746963612C20417269616C2C2073616E732D73657269663B20666F6E742D73697A653A20313470783B2077686974652D73706163653A206E6F726D616C3B206261636B67726F756E642D636F6C6F723A20726762283235352C203235352C20323535293B2220636C6173733D22206C6973742D70616464696E676C6566742D32223E3C6C693E3C703EE696B0E5A29EEFBC9AE3809020E5AE9EE9AA8CE5AEA420E38091E696B0E5A29EE5BA94E794A8E7ACACE4B889E696B9E5B9B3E58FB0E68EA5E58FA3EFBC8CE699BAE883BDE8A7A3E69E90E7AE80E58E86E7A88BE5BA8FE79A84E5AE9EE9AA8CE4BE8BE5AD90E380823C2F703E3C2F6C693E3C2F756C3E, null, '1', '1', '2018-10-22 11:59:04', '1', '2018-10-22 11:59:04');
INSERT INTO `blog_note` VALUES ('20', '0', 'EE快聘综合管理平台 v1.0.0 发布', '1.15.0', 0x3C756C207374796C653D22626F782D73697A696E673A20626F726465722D626F783B206D617267696E2D626F74746F6D3A20313070783B20636F6C6F723A207267622835312C2035312C203531293B20666F6E742D66616D696C793A202671756F743B48656C766574696361204E6575652671756F743B2C2048656C7665746963612C20417269616C2C2073616E732D73657269663B20666F6E742D73697A653A20313470783B2077686974652D73706163653A206E6F726D616C3B206261636B67726F756E642D636F6C6F723A20726762283235352C203235352C20323535293B2220636C6173733D22206C6973742D70616464696E676C6566742D32223E3C6C693E3C703EE696B0E5A29EEFBC9AE3809020E59FBAE7A180E8AEBEE7BDAE20E380912DE3809020E8A18CE4B89AE8AEBEE7BDAE20E38091E79A84E58897E8A1A8E69FA5E8AFA2E4BBA5E58F8AE696B0E5A29EEFBC8CE4BFAEE694B9EFBC8CE588A0E999A4E58A9FE883BDE380823C2F703E3C2F6C693E3C6C693E3C703EE696B0E5A29EEFBC9AE3809020E59FBAE7A180E8AEBEE7BDAE20E380912DE3809020E6A8A1E69DBFE695B0E68DAE20E38091E79A84E5B297E4BD8DE58897E8A1A8E79A84E6A091E6A091E59E8BE7BB93E69E84E695B0E68DAEE5B195E78EB0E380823C2F703E3C2F6C693E3C6C693E3C703EE696B0E5A29EEFBC9AE3809020E59FBAE7A180E8AEBEE7BDAE20E380912DE3809020E6A8A1E69DBFE695B0E68DAE20E38091E79A84E5B297E4BD8DE5AFB9E5BA94E79A84E6A8A1E69DBFE695B0E68DAEE79A84E696B0E5A29EEFBC8CE4BFAEE694B9EFBC8CE588A0E999A4E69FA5E8AFA2E58A9FE883BDE380823C2F703E3C2F6C693E3C2F756C3E, null, '1', '1', '2018-10-22 11:59:35', '1', '2018-10-22 11:59:35');
INSERT INTO `blog_note` VALUES ('21', '0', 'EE快聘综合管理平台 v1.16.0 发布', '1.16.0', 0x3C756C207374796C653D22626F782D73697A696E673A20626F726465722D626F783B206D617267696E2D626F74746F6D3A20313070783B20636F6C6F723A207267622835312C2035312C203531293B20666F6E742D66616D696C793A202671756F743B48656C766574696361204E6575652671756F743B2C2048656C7665746963612C20417269616C2C2073616E732D73657269663B20666F6E742D73697A653A20313470783B2077686974652D73706163653A206E6F726D616C3B206261636B67726F756E642D636F6C6F723A20726762283235352C203235352C20323535293B2220636C6173733D22206C6973742D70616464696E676C6566742D32223E3C6C693E3C703EE696B0E5A29EEFBC9AE3809020E59FBAE7A180E8AEBEE7BDAE20E380912DE3809020E79C81E5B882E58CBAE7AEA1E7908620E38091E79A84E6A091E7BB93E69E84E5BDA2E5BC8FE79A84E695B0E68DAEE696B0E5A29EEFBC8CE4BFAEE694B9EFBC8CE588A0E999A4EFBC8CE4BBA5E58F8AE5B195E78EB0E58A9FE883BDE380823C2F703E3C2F6C693E3C6C693E3C703EE696B0E5A29EEFBC9AE3809020E59FBAE7A180E8AEBEE7BDAE20E380912DE3809020E5B297E4BD8DE695B0E68DAEE7AEA1E7908620E38091E79A84E6A091E7BB93E69E84E5BDA2E5BC8FE79A84E695B0E68DAEE696B0E5A29EEFBC8CE4BFAEE694B9EFBC8CE588A0E999A4EFBC8CE4BBA5E58F8AE5B195E78EB0E58A9FE883BDE380823C2F703E3C2F6C693E3C2F756C3E, null, '1', '1', '2018-10-22 12:00:05', '1', '2018-10-22 12:00:05');
INSERT INTO `blog_note` VALUES ('22', '0', 'EE快聘综合管理平台 v1.17.0 发布', '1.17.0', 0x3C756C207374796C653D22626F782D73697A696E673A20626F726465722D626F783B206D617267696E2D626F74746F6D3A20313070783B20636F6C6F723A207267622835312C2035312C203531293B20666F6E742D66616D696C793A202671756F743B48656C766574696361204E6575652671756F743B2C2048656C7665746963612C20417269616C2C2073616E732D73657269663B20666F6E742D73697A653A20313470783B2077686974652D73706163653A206E6F726D616C3B206261636B67726F756E642D636F6C6F723A20726762283235352C203235352C20323535293B2220636C6173733D22206C6973742D70616464696E676C6566742D32223E3C6C693E3C703EE696B0E5A29EEFBC9A4545E5BFABE88198E38081E7B2BEE88BB1E69893E38081E88198E5BE97E69893E38081E69D83E99990E7B3BBE7BB9FEFBC8CE8BF9934E4B8AAE4B88DE5908CE7B3BBE7BB9FE4B98BE997B4E79A84E7AEA1E79086E5B9B3E58FB0E58887E68DA2E58A9FE883BDE380823C2F703E3C2F6C693E3C6C693E3C703EE696B0E5A29EEFBC9AE78BACE7AB8BE7AEA1E79086E5B9B3E58FB0E69D83E99990E7B3BBE7BB9FEFBC8CE69DA5E7AEA1E79086E887AAE5B7B1E79A84E5B7A5E4BD9CE4BABAE59198E5AFB9E4B88DE5908CE7B3BBE7BB9FE4B98BE997B4E79A84E58A9FE883BDE8AEBFE997AEE69D83E99990E380823C2F703E3C2F6C693E3C6C693E3C703EE8B083E695B4EFBC9AE78BACE7AB8BE5908EE79A84E69D83E99990E7B3BBE7BB9FE5908EEFBC8CE5AFB9E5A49AE4B8AAE7B3BBE7BB9FE79A84E88F9CE58D95E79A84E799BBE8AEB0E7AEA1E79086E58A9FE883BDE380823C2F703E3C2F6C693E3C6C693E3C703EE8B083E695B4EFBC9AE78BACE7AB8BE5908EE79A84E69D83E99990E7B3BBE7BB9FE5908EEFBC8CE5AFB9E5A49AE4B8AAE7B3BBE7BB9FE79A84E8A792E889B2E68E88E69D83E7AEA1E79086E58A9FE883BDE380823C2F703E3C2F6C693E3C6C693E3C703EE8B083E695B4EFBC9AE7BBBCE59088E7AEA1E79086E5B9B3E58FB0E79A84E799BBE5BD95E8B4A6E58FB7E7BB9FE4B880E7AEA1E79086E380823C2F703E3C2F6C693E3C2F756C3E, null, '1', '1', '2018-10-22 12:00:29', '1', '2018-10-22 12:00:29');
INSERT INTO `blog_note` VALUES ('23', '0', 'EE快聘综合管理平台 v1.18.0 发布', '1.18.0', 0x3C756C207374796C653D22626F782D73697A696E673A20626F726465722D626F783B206D617267696E2D626F74746F6D3A20313070783B20636F6C6F723A207267622835312C2035312C203531293B20666F6E742D66616D696C793A202671756F743B48656C766574696361204E6575652671756F743B2C2048656C7665746963612C20417269616C2C2073616E732D73657269663B20666F6E742D73697A653A20313470783B2077686974652D73706163653A206E6F726D616C3B206261636B67726F756E642D636F6C6F723A20726762283235352C203235352C20323535293B2220636C6173733D22206C6973742D70616464696E676C6566742D32223E3C6C693E3C703EE696B0E5A29EEFBC9AE3809020E7B2BEE88BB1E6989320E38091E7AEA1E79086E5B9B3E58FB0E79A84E3809020E7AE80E58E86E58F8DE9A688E58897E8A1A820E38091E69FA5E79C8BEFBC8CE4BBA5E58F8AE6A087E8AEB0E5A484E79086E58A9FE883BDE380823C2F703E3C2F6C693E3C6C693E3C703EE696B0E5A29EEFBC9AE3809020E88198E5BE97E6989320E38091E7AEA1E79086E5B9B3E58FB0E79A84E3809020E7AE80E58E86E58F8DE9A688E58897E8A1A820E38091E69FA5E79C8BEFBC8CE4BBA5E58F8AE6A087E8AEB0E5A484E79086E58A9FE883BDE380823C2F703E3C2F6C693E3C2F756C3E, null, '1', '1', '2018-10-22 12:00:58', '1', '2018-10-22 12:00:58');
INSERT INTO `blog_note` VALUES ('24', '0', 'EE快聘综合管理平台 v1.19.0 发布', '1.19.0', 0x3C756C207374796C653D22626F782D73697A696E673A20626F726465722D626F783B206D617267696E2D626F74746F6D3A20313070783B20636F6C6F723A207267622835312C2035312C203531293B20666F6E742D66616D696C793A202671756F743B48656C766574696361204E6575652671756F743B2C2048656C7665746963612C20417269616C2C2073616E732D73657269663B20666F6E742D73697A653A20313470783B2077686974652D73706163653A206E6F726D616C3B206261636B67726F756E642D636F6C6F723A20726762283235352C203235352C20323535293B2220636C6173733D22206C6973742D70616464696E676C6566742D32223E3C6C693E3C703EE8B083E695B4EFBC9AE78988E69CACE58F91E5B883E8AEB0E5BD95E78988E99DA2E8B083E695B4EFBC8CE5B9B6E5BC95E794A853776970657234E68A80E69CAFE5AE9EE78EB0E58887E68DA2E58AA8E794BBE69588E69E9CE380823C2F703E3C2F6C693E3C6C693E3C703EE4BFAEE5A48DEFBC9AE794A8E688B7E799BBE5BD95E5908EE68980E88EB7E5BE97E69C89E69D83E8AEBFE997AEE79A84E88F9CE58D95E695B0E68DAEE79A84E7BC93E5AD98E58A9FE883BDE380823C2F703E3C2F6C693E3C6C693E3C703EE696B0E5A29EEFBC9AE7AE80E58E86E5AEA1E6A0B8E58897E8A1A8E69FA5E8AFA2E58A9FE883BDE380823C2F703E3C2F6C693E3C2F756C3E, null, '1', '1', '2018-10-22 12:01:30', '1', '2018-10-22 12:01:30');
INSERT INTO `blog_note` VALUES ('25', '0', 'EE快聘综合管理平台 v1.20.0 发布', '1.20.0', 0x3C70207374796C653D2277686974652D73706163653A206E6F726D616C3B223E3C7370616E207374796C653D22636F6C6F723A20726762283232372C203130382C2039293B223E3C7374726F6E673E31E38081E696B0E5A29EEFBC9AE38090E78988E69CACE58F91E5B883E8AEB0E5BD95E7AEA1E79086E38091E79A84E696B0E5A29EEFBC8CE4BFAEE694B9EFBC8CE588A0E999A4EFBC8CE69FA5E8AFA2E58A9FE883BDEFBC9B3C2F7374726F6E673E3C2F7370616E3E3C2F703E3C70207374796C653D2277686974652D73706163653A206E6F726D616C3B223E3C696D67207372633D22687474703A2F2F6D616E6167652E6F6E656F6E656A6C2E636F6D2F7075626C69632F75706C6F61642F36646132386266366137656134363263613962376163616534626463323431662E706E6722207469746C653D223030312E706E672220616C743D223030312E706E67222077696474683D2238323022206865696768743D223533302220626F726465723D223122207673706163653D223022207374796C653D2277696474683A2038323070783B206865696768743A2035333070783B222F3E3C62722F3E3C2F703E3C70207374796C653D2277686974652D73706163653A206E6F726D616C3B223E3C7374726F6E673E3C7370616E207374796C653D22636F6C6F723A20726762283232372C203130382C2039293B223E3C62722F3E3C2F7370616E3E3C2F7374726F6E673E3C2F703E3C70207374796C653D2277686974652D73706163653A206E6F726D616C3B223E3C7374726F6E673E3C7370616E207374796C653D22636F6C6F723A20726762283232372C203130382C2039293B223E32E38081E696B0E5A29EEFBC9AE38090E78988E69CACE58F91E5B883E8AEB0E5BD95E7AEA1E79086E38091E696B0E5A29EE5AF8CE69687E69CACE7BC96E8BE91E599A8E7BC96E8BE91E58F91E5B883E58685E5AEB9E58A9FE883BDE380823C2F7370616E3E3C2F7374726F6E673E3C2F703E3C70207374796C653D2277686974652D73706163653A206E6F726D616C3B223E3C696D67207372633D22687474703A2F2F6D616E6167652E6F6E656F6E656A6C2E636F6D2F7075626C69632F75706C6F61642F34396137326664313164393134366532383735363864393361313062316232332E706E6722207469746C653D223030322E706E672220616C743D223030322E706E67222077696474683D2237393022206865696768743D223537342220626F726465723D223122207673706163653D223022207374796C653D2277696474683A2037393070783B206865696768743A2035373470783B222F3E3C62722F3E3C2F703E3C70207374796C653D2277686974652D73706163653A206E6F726D616C3B223E3C7370616E207374796C653D22636F6C6F723A20726762283232372C203130382C2039293B223E3C7374726F6E673E3C62722F3E3C2F7374726F6E673E3C2F7370616E3E3C2F703E3C70207374796C653D2277686974652D73706163653A206E6F726D616C3B223E3C7370616E207374796C653D22636F6C6F723A20726762283232372C203130382C2039293B223E3C7374726F6E673E33E38081E696B0E5A29EEFBC9AE38090E5AE9EE9AA8CE5AEA4E38091E696B0E5A29EE38090E79FADE4BFA1E58A9FE883BDE38091EFBC8CE794A8E4BA8EE6B58BE8AF95E79FADE4BFA1E58F91E98081E58A9FE883BDE380823C62722F3E3C2F7374726F6E673E3C2F7370616E3E3C2F703E3C70207374796C653D2277686974652D73706163653A206E6F726D616C3B223E3C7370616E207374796C653D22636F6C6F723A20726762283232372C203130382C2039293B223E3C7374726F6E673E34E38081E4BC98E58C96EFBC9AE799BBE5BD95E5908EE79A84E38090E78988E69CACE58F91E5B883E8AEB0E5BD95E38091E58AA8E68081E88EB7E58F96E695B0E68DAEE5BA93E4B8ADE4BF9DE5AD98E79A84E78988E69CACE58F91E5B883E8AEB0E5BD95E695B0E68DAEE380823C2F7374726F6E673E3C2F7370616E3E3C2F703E3C70207374796C653D2277686974652D73706163653A206E6F726D616C3B223E3C7370616E207374796C653D22636F6C6F723A20726762283232372C203130382C2039293B223E3C7374726F6E673E35E38081E4BC98E58C96EFBC9AE79FADE4BFA1E58F91E98081E58A9FE883BDEFBC8CE5BA95E5B182E68A80E69CAFE5B081E8A385EFBC8CE5B086E5BC82E6ADA5E59B9EE8B083E58699E6B395E694B9E68890E4BA866177616974E5BC82E6ADA5E5908CE6ADA5E58699E6B395EFBC8CE5878FE5B091E4BA86E4BDBFE794A8E79FADE4BFA1E58A9FE883BDE697B6E58099E79A84E4BBA3E7A081E9878FE380823C2F7374726F6E673E3C2F7370616E3E3C2F703E3C703E3C62722F3E3C2F703E, null, '1', '1', '2018-10-22 12:03:30', '1', '2018-10-24 17:01:26');
INSERT INTO `blog_note` VALUES ('26', '0', 'EE快聘综合管理平台 v1.21.0 发布', '1.21.0', 0x3C70207374796C653D2277686974652D73706163653A206E6F726D616C3B223E3C7370616E207374796C653D22636F6C6F723A20726762283232372C203130382C2039293B223E3C7374726F6E673E312E20E696B0E5A29EEFBC9AE38090E69D83E99990E7B3BBE7BB9FE38091E9878CE79A84E38090E88F9CE58D95E7AEA1E79086E38091E696B0E5A29EE58FAFE6B7BBE58AA0E9A1B6E7BAA7E88F9CE58D95E58A9FE883BDE380823C2F7374726F6E673E3C2F7370616E3E3C2F703E3C70207374796C653D2277686974652D73706163653A206E6F726D616C3B223E3C696D67207372633D22687474703A2F2F6D616E6167652E6F6E656F6E656A6C2E636F6D2F7075626C69632F75706C6F61642F61303338623239363035393334623035383232653966313062353331633366372E706E6722207469746C653D222220616C743D223030312E706E67222077696474683D2238333622206865696768743D2235393322207374796C653D2277696474683A2038333670783B206865696768743A2035393370783B222F3E3C2F703E3C70207374796C653D2277686974652D73706163653A206E6F726D616C3B223E3C7374726F6E673E3C7370616E207374796C653D22636F6C6F723A20726762283232372C203130382C2039293B223E322E20E696B0E5A29EEFBC9AE59CA8E380904545E5BFABE88198E38091E5B9B3E58FB0E4B8ADEFBC8CE5A29EE58AA0E38090E79FADE4BFA1E69C8DE58AA1E38091E88F9CE58D95E6A08FE79BAEEFBC8CE5A29EE58AA0E38090E79FADE4BFA1E9BB91E5908DE58D95E8AEBEE7BDAEE38091E58A9FE883BDEFBC8CE58FAFE887AAE794B1E8AEBEE7BDAEE5B18FE894BDE58F91E98081E79FADE4BFA1E79A84E6898BE69CBAE58FB7E7A081E38082E4BE8BE5A682E6B58BE8AF95E697B6E58099E4B88DE58F91E98081E79A84E6898BE69CBAE58FB7E7A081E58FAFE8BF9BE8A18CE9BB91E5908DE58D95E799BBE8AEB0E8BEBEE588B0E5B18FE894BDE79FADE4BFA1E58F91E98081E69588E69E9CE380823C2F7370616E3E3C2F7374726F6E673E3C2F703E3C70207374796C653D2277686974652D73706163653A206E6F726D616C3B223E3C7374726F6E673E3C7370616E207374796C653D22636F6C6F723A20726762283232372C203130382C2039293B223EE59BBE31EFBC9A3C2F7370616E3E3C2F7374726F6E673E3C2F703E3C70207374796C653D2277686974652D73706163653A206E6F726D616C3B223E3C7374726F6E673E3C7370616E207374796C653D22636F6C6F723A20726762283232372C203130382C2039293B223E3C696D67207372633D22687474703A2F2F6D616E6167652E6F6E656F6E656A6C2E636F6D2F7075626C69632F75706C6F61642F30313362653861306330346134396134383861383662636333303737646335632E706E6722207469746C653D222220616C743D223030322E706E67222077696474683D2239303622206865696768743D2234393922207374796C653D2277696474683A2039303670783B206865696768743A2034393970783B222F3E3C2F7370616E3E3C2F7374726F6E673E3C2F703E3C70207374796C653D2277686974652D73706163653A206E6F726D616C3B223E3C7370616E207374796C653D22636F6C6F723A20726762283232372C203130382C2039293B223E3C7374726F6E673EE59BBE32EFBC9A3C2F7374726F6E673E3C2F7370616E3E3C2F703E3C70207374796C653D2277686974652D73706163653A206E6F726D616C3B223E3C7374726F6E673E3C7370616E207374796C653D22636F6C6F723A20726762283232372C203130382C2039293B223E3C696D67207372633D22687474703A2F2F6D616E6167652E6F6E656F6E656A6C2E636F6D2F7075626C69632F75706C6F61642F35613262333331636437333034316333396630643636393765623333376536372E706E6722207469746C653D223030332E706E672220616C743D223030332E706E67222077696474683D2238303022206865696768743D223430302220626F726465723D223022207673706163653D223022207374796C653D2277696474683A2038303070783B206865696768743A2034303070783B222F3E3C2F7370616E3E3C2F7374726F6E673E3C2F703E3C70207374796C653D2277686974652D73706163653A206E6F726D616C3B223E3C7374726F6E673E3C7370616E207374796C653D22636F6C6F723A20726762283232372C203130382C2039293B223EE59BBE33EFBC9A3C2F7370616E3E3C2F7374726F6E673E3C2F703E3C70207374796C653D2277686974652D73706163653A206E6F726D616C3B223E3C7374726F6E673E3C7370616E207374796C653D22636F6C6F723A20726762283232372C203130382C2039293B223E3C696D67207372633D22687474703A2F2F6D616E6167652E6F6E656F6E656A6C2E636F6D2F7075626C69632F75706C6F61642F36323333353634653564383534353734396566666139353437643139643834372E706E6722207469746C653D223030342E706E672220616C743D223030342E706E67222077696474683D2238303022206865696768743D223530302220626F726465723D223022207673706163653D223022207374796C653D2277696474683A2038303070783B206865696768743A2035303070783B222F3E3C2F7370616E3E3C2F7374726F6E673E3C2F703E3C70207374796C653D2277686974652D73706163653A206E6F726D616C3B223E3C7374726F6E673E3C7370616E207374796C653D22636F6C6F723A20726762283232372C203130382C2039293B223E3C62722F3E3C2F7370616E3E3C2F7374726F6E673E3C2F703E3C70207374796C653D2277686974652D73706163653A206E6F726D616C3B223E3C7374726F6E673E3C7370616E207374796C653D22636F6C6F723A20726762283232372C203130382C2039293B223E332E20E4BC98E58C96EFBC9AE380904545E5BFABE88198E38091E7BBBCE59088E7AEA1E79086E5B9B3E58FB0E79A84E58F91E98081E79FADE4BFA1E58A9FE883BDE5A29EE58AA0E2809CE79FADE4BFA1E7ADBEE5908DE2809DE58887E68DA2E4BDBFE794A8E58A9FE883BDE38082E79BAEE5898DE58FAFE794A8E79FADE4BFA1E7ADBEE5908DEFBC9AE38090E7B2BEE88BB1E69893E38091EFBC8CE38090E88198E5BE97E69893E38091E380823C2F7370616E3E3C2F7374726F6E673E3C2F703E3C70207374796C653D2277686974652D73706163653A206E6F726D616C3B223E3C7374726F6E673E3C7370616E207374796C653D22636F6C6F723A20726762283232372C203130382C2039293B223E342E20E4BFAEE5A48DEFBC9AE794A8E688B7E799BBE5BD95E380904545E5BFABE88198E38091E7BBBCE59088E7AEA1E79086E5B9B3E58FB0E697B6EFBC8CE6B2A1E69C89E782B9E587BBE38090E58887E68DA2E5B9B3E58FB0E38091E58899E79C8BE4B88DE588B0E88F9CE58D95E79A84E997AEE9A298E380823C2F7370616E3E3C2F7374726F6E673E3C2F703E3C6469763E3C7374726F6E673E3C7370616E207374796C653D22636F6C6F723A20726762283232372C203130382C2039293B223E3C62722F3E3C2F7370616E3E3C2F7374726F6E673E3C2F6469763E3C703E3C62722F3E3C2F703E, null, '1', '1', '2018-10-24 17:08:41', '1', '2018-10-24 21:50:35');
INSERT INTO `blog_note` VALUES ('29', '0', 'EE快聘综合管理平台 v1.22.0 发布', '1.22.0', 0x3C70207374796C653D2277686974652D73706163653A206E6F726D616C3B223E3C7370616E207374796C653D22636F6C6F723A20726762283232372C203130382C2039293B223E3C7374726F6E673E31E38081E696B0E5A29EEFBC9AE3809020E88198E5BE97E6989320E380912D20E3809020E695B0E68DAEE69FA5E8AFA220E380912D20E3809020E69893E5B881E6B581E6B0B4E58897E8A1A820E38091E58A9FE883BDE380823C2F7374726F6E673E3C2F7370616E3E3C2F703E3C70207374796C653D2277686974652D73706163653A206E6F726D616C3B223E3C7370616E207374796C653D22636F6C6F723A20726762283232372C203130382C2039293B223E3C7374726F6E673E3C696D67207372633D22687474703A2F2F6D616E6167652E6F6E656F6E656A6C2E636F6D2F7075626C69632F75706C6F61642F35663734353230373933303134336561383830616566363532356632303635322E706E6722207469746C653D223030312E706E672220616C743D223030312E706E67222077696474683D2238303022206865696768743D223530302220626F726465723D223022207673706163653D223022207374796C653D2277696474683A2038303070783B206865696768743A2035303070783B222F3E3C2F7374726F6E673E3C2F7370616E3E3C2F703E3C70207374796C653D2277686974652D73706163653A206E6F726D616C3B223E3C7370616E207374796C653D22636F6C6F723A20726762283232372C203130382C2039293B223E3C7374726F6E673E32E38081E696B0E5A29EEFBC9AE3809020E88198E5BE97E6989320E380912D20E3809020E695B0E68DAEE69FA5E8AFA220E380912D20E3809020E5BEAEE4BFA1E58585E580BCE8AEB0E5BD95E58897E8A1A820E38091E58A9FE883BDE380823C2F7374726F6E673E3C2F7370616E3E3C2F703E3C70207374796C653D2277686974652D73706163653A206E6F726D616C3B223E3C7370616E207374796C653D22636F6C6F723A20726762283232372C203130382C2039293B223E3C7374726F6E673E3C696D67207372633D22687474703A2F2F6D616E6167652E6F6E656F6E656A6C2E636F6D2F7075626C69632F75706C6F61642F34386435306531653361393134663264613434373663346535343538636633332E706E6722207469746C653D223030322E706E672220616C743D223030322E706E67222077696474683D2238303022206865696768743D223535302220626F726465723D223022207673706163653D223022207374796C653D2277696474683A2038303070783B206865696768743A2035353070783B222F3E3C2F7374726F6E673E3C2F7370616E3E3C2F703E3C70207374796C653D2277686974652D73706163653A206E6F726D616C3B223E3C7370616E207374796C653D22636F6C6F723A20726762283232372C203130382C2039293B223E3C7374726F6E673E33E38081E696B0E5A29EEFBC9AE3809020E88198E5BE97E6989320E380912D20E3809020E7BB9FE8AEA1E68AA5E8A1A820E380912D20E3809020E794A8E688B7E6B3A8E5868CE9878FE7BB9FE8AEA120E38091E58A9FE883BDE380823C2F7374726F6E673E3C2F7370616E3E3C2F703E3C70207374796C653D2277686974652D73706163653A206E6F726D616C3B223E3C7370616E207374796C653D22636F6C6F723A20726762283232372C203130382C2039293B223E3C7374726F6E673E3C696D67207372633D22687474703A2F2F6D616E6167652E6F6E656F6E656A6C2E636F6D2F7075626C69632F75706C6F61642F35613266613964336566363434653431386233386366613161343866383261332E706E6722207469746C653D223030332E706E672220616C743D223030332E706E67222077696474683D2238303022206865696768743D223535302220626F726465723D223022207673706163653D223022207374796C653D2277696474683A2038303070783B206865696768743A2035353070783B222F3E3C2F7374726F6E673E3C2F7370616E3E3C2F703E3C70207374796C653D2277686974652D73706163653A206E6F726D616C3B223E3C7370616E207374796C653D22636F6C6F723A20726762283232372C203130382C2039293B223E3C7374726F6E673E34E38081E696B0E5A29EEFBC9AE3809020E88198E5BE97E6989320E380912D20E3809020E7BB9FE8AEA1E68AA5E8A1A820E380912D20E3809020E5BEAEE4BFA1E58585E580BCE9878FE7BB9FE8AEA120E38091E58A9FE883BDE380823C2F7374726F6E673E3C2F7370616E3E3C2F703E3C70207374796C653D2277686974652D73706163653A206E6F726D616C3B223E3C7370616E207374796C653D22636F6C6F723A20726762283232372C203130382C2039293B223E3C7374726F6E673E3C696D67207372633D22687474703A2F2F6D616E6167652E6F6E656F6E656A6C2E636F6D2F7075626C69632F75706C6F61642F38636131653836633830333634343136393731336433613138623730336562352E706E6722207469746C653D223030342E706E672220616C743D223030342E706E67222077696474683D2238303022206865696768743D223635302220626F726465723D223022207673706163653D223022207374796C653D2277696474683A2038303070783B206865696768743A2036353070783B222F3E3C2F7374726F6E673E3C2F7370616E3E3C2F703E3C70207374796C653D2277686974652D73706163653A206E6F726D616C3B223E3C7370616E207374796C653D22636F6C6F723A20726762283232372C203130382C2039293B223E3C7374726F6E673E35E38081E696B0E5A29EEFBC9AE3809020E88198E5BE97E6989320E380912D20E3809020E695B0E68DAEE69FA5E8AFA220E380912D20E3809020E794A8E688B7E6B3A8E5868CE9878FE7BB9FE8AEA120E38091E695B0E68DAEE5AE9AE697B6E98787E99B86E58A9FE883BDE380823C2F7374726F6E673E3C2F7370616E3E3C2F703E3C70207374796C653D2277686974652D73706163653A206E6F726D616C3B223E3C7370616E207374796C653D22636F6C6F723A20726762283232372C203130382C2039293B223E3C7374726F6E673E36E38081E696B0E5A29EEFBC9AE3809020E88198E5BE97E6989320E380912D20E3809020E695B0E68DAEE69FA5E8AFA220E380912D20E3809020E5BEAEE4BFA1E58585E580BCE9878FE7BB9FE8AEA120E38091E695B0E68DAEE5AE9AE697B6E98787E99B86E58A9FE883BDE380823C2F7374726F6E673E3C2F7370616E3E3C2F703E3C70207374796C653D2277686974652D73706163653A206E6F726D616C3B223E3C7370616E207374796C653D22636F6C6F723A20726762283232372C203130382C2039293B223E3C7374726F6E673E37E38081E696B0E5A29EEFBC9AE3809020E69D83E99990E7B3BBE7BB9F20E380912D20E68C89E992AEE7BAA7E588ABE79A84E69D83E99990E68EA7E588B6E58A9FE883BDE38082E79BB8E6AF94E88F9CE58D95E69D83E99990E68EA7E588B6EFBC8CE68C89E992AEE7BAA7E588ABE69D83E99990E68EA7E588B6E58FAFE4BBA5E58886E9858DE69BB4E7BB86E79A84E69D83E99990E58886E9858DEFBC8CE58F8AE69D83E99990E68EA7E588B6E380823C2F7374726F6E673E3C2F7370616E3E3C2F703E3C70207374796C653D2277686974652D73706163653A206E6F726D616C3B223E3C7370616E207374796C653D22636F6C6F723A20726762283232372C203130382C2039293B223E3C7374726F6E673E3C696D67207372633D22687474703A2F2F6D616E6167652E6F6E656F6E656A6C2E636F6D2F7075626C69632F75706C6F61642F38643436356538316530356634643264613939353138343666646661383631372E706E6722207469746C653D223030352E706E672220616C743D223030352E706E67222077696474683D2238303022206865696768743D223630302220626F726465723D223022207673706163653D223022207374796C653D2277696474683A2038303070783B206865696768743A2036303070783B222F3E3C2F7374726F6E673E3C2F7370616E3E3C2F703E3C70207374796C653D2277686974652D73706163653A206E6F726D616C3B223E3C7370616E207374796C653D22636F6C6F723A20726762283232372C203130382C2039293B223E3C7374726F6E673E3C62722F3E3C2F7374726F6E673E3C2F7370616E3E3C2F703E3C70207374796C653D2277686974652D73706163653A206E6F726D616C3B223E3C696D67207372633D22687474703A2F2F6D616E6167652E6F6E656F6E656A6C2E636F6D2F7075626C69632F75706C6F61642F32383636656434633837356634376562623638306637633433316437313433362E706E6722207469746C653D223030362E706E672220616C743D223030362E706E67222077696474683D2238303022206865696768743D223830302220626F726465723D223022207673706163653D223022207374796C653D2277696474683A2038303070783B206865696768743A2038303070783B222F3E3C2F703E3C703E3C62722F3E3C2F703E, null, '1', '8', '2018-10-29 19:14:07', '8', '2018-10-29 19:14:07');
INSERT INTO `blog_note` VALUES ('30', '0', 'EE快聘综合管理平台 v1.23.0 发布', '1.23.0', 0x3C70207374796C653D2277686974652D73706163653A206E6F726D616C3B223E3C7370616E207374796C653D22636F6C6F723A20726762283232372C203130382C2039293B223E3C7374726F6E673E31E38081E696B0E5A29EEFBC9AE3809020E7B2BEE88BB1E6989320E380912D20E3809020E695B0E68DAEE69FA5E8AFA220E380912D20E3809020E794A8E688B7E4BFA1E681AFE69FA5E8AFA220E38091E58A9FE883BDE380823C2F7374726F6E673E3C2F7370616E3E3C2F703E3C70207374796C653D2277686974652D73706163653A206E6F726D616C3B223E3C696D67207372633D22687474703A2F2F6D616E6167652E6F6E656F6E656A6C2E636F6D2F7075626C69632F75706C6F61642F64633361616433306230663334633537626131353633363062396537303834362E706E6722207469746C653D223030312E706E672220616C743D223030312E706E67222077696474683D2239303022206865696768743D223730302220626F726465723D223022207673706163653D223022207374796C653D2277696474683A2039303070783B206865696768743A2037303070783B222F3E3C2F703E3C70207374796C653D2277686974652D73706163653A206E6F726D616C3B223E3C7374726F6E673E3C7370616E207374796C653D22636F6C6F723A20726762283232372C203130382C2039293B223E32E38081E696B0E5A29EEFBC9AE3809020E88198E5BE97E6989320E380912D20E3809020E695B0E68DAEE69FA5E8AFA220E380912D20E3809020E794A8E688B7E4BFA1E681AFE69FA5E8AFA220E38091E58A9FE883BDE380823C2F7370616E3E3C2F7374726F6E673E3C2F703E3C70207374796C653D2277686974652D73706163653A206E6F726D616C3B223E3C696D67207372633D22687474703A2F2F6D616E6167652E6F6E656F6E656A6C2E636F6D2F7075626C69632F75706C6F61642F31343663646164616434636434376165393834613562633036343062333532302E706E6722207469746C653D223030322E706E672220616C743D223030322E706E67222077696474683D2238303022206865696768743D223635302220626F726465723D223022207673706163653D223022207374796C653D2277696474683A2038303070783B206865696768743A2036353070783B222F3E3C2F703E3C70207374796C653D2277686974652D73706163653A206E6F726D616C3B223E3C7370616E207374796C653D22666F6E742D7765696768743A20626F6C643B20636F6C6F723A20726762283232372C203130382C2039293B223E33E38081E8B083E695B4EFBC9AE3809020E88198E5BE97E6989320E380912D20E3809020E4B89AE58AA1E5A484E7908620E380912D20E3809020E68B9BE88198E88085E8BAABE4BBBDE5AEA1E6A0B8E58897E8A1A820E38091E58A9FE883BDE8B083E695B4EFBC8CE8AFA5E58897E8A1A8E58FAAE698BEE7A4BAE5BE85E5AEA1E6A0B8E79A84E58685E5AEB9EFBC8CE5B7B2E5AEA1E6A0B8E8BF87E79A84E58685E5AEB9E58FAFE4BBA5E58EBBE3809020E695B0E68DAEE69FA5E8AFA220E380912D20E3809020E794A8E688B7E4BFA1E681AFE69FA5E8AFA220E38091E9878CE99DA2E69FA5E79C8BE380823C2F7370616E3E3C2F703E3C703E3C62722F3E3C2F703E, null, '1', '8', '2018-10-30 19:46:55', '8', '2018-10-30 21:29:33');
INSERT INTO `blog_note` VALUES ('31', '0', 'EE快聘综合管理平台 v1.24.0 发布', '1.24.0', 0x3C70207374796C653D2277686974652D73706163653A206E6F726D616C3B223E312E20E4BC81E4B89AE8BAABE4BBBDE5AEA1E6A0B8E6938DE4BD9CE5908EEFBC8CE58E9FE78988E69CACE4BC9AE58F91E98081E79FADE4BFA1E9809AE79FA5EFBC8CE78EB0E59CA8E69BB4E694B9E4B8BAE58F91E98081E5BEAEE4BFA1E69C8DE58AA1E9809AE79FA5E380823C2F703E3C70207374796C653D2277686974652D73706163653A206E6F726D616C3B223E3C696D67207372633D22687474703A2F2F6D616E6167652E6F6E656F6E656A6C2E636F6D2F7075626C69632F75706C6F61642F36343335396630646431613934626336393863656536623133353530373535612E6A706722207469746C653D222220616C743D22E5BEAEE4BFA1E59BBEE789875F32303138313130353134353333342E6A7067222077696474683D2237323622206865696768743D223135323922207374796C653D2277696474683A2037323670783B206865696768743A203135323970783B222F3E3C2F703E3C703E3C62722F3E3C2F703E, null, '1', '1', '2018-11-05 15:16:46', '1', '2018-11-05 15:16:46');
INSERT INTO `blog_note` VALUES ('32', '36', '红萝卜', '111', 0x3C703E3C696D67207372633D222F7075626C69632F75706C6F61642F39363261633261316661326234303464393664643534363938353063343735632E6A706722207469746C653D222220616C743D22686561643330302E6A7067222F3E3C2F703E3C703E3C62722F3E3C2F703E3C68313E7765667765666577663C2F68313E, '', '1', '1', '2018-12-06 17:47:25', '1', '2018-12-07 18:14:25');
INSERT INTO `blog_note` VALUES ('34', '40', '11', '11', 0x3C703E3131313C2F703E, '11', '2', '1', '2018-12-06 18:02:07', '1', '2018-12-07 17:45:44');
INSERT INTO `blog_note` VALUES ('35', '38', '1', '2', 0x3C703E333C696D67207372633D222F7075626C69632F75706C6F61642F65656636613139613363323234623834626133393965346366636462653535362E6A706722207469746C653D222220616C743D22686561643330302E6A7067222F3E3C2F703E, '4', null, '1', '2018-12-06 18:28:48', '1', '2018-12-07 19:52:58');

-- ----------------------------
-- Table structure for blog_note_category
-- ----------------------------
DROP TABLE IF EXISTS `blog_note_category`;
CREATE TABLE `blog_note_category` (
  `id` int(11) NOT NULL AUTO_INCREMENT COMMENT 'ID',
  `title` varchar(300) CHARACTER SET utf8 COLLATE utf8_general_ci NOT NULL COMMENT '标题',
  `status` tinyint(1) DEFAULT NULL COMMENT '状态：1表示草稿；2表示已发布；',
  `create_user_id` int(11) NOT NULL COMMENT '创建人',
  `create_time` datetime NOT NULL COMMENT '创建时间',
  `update_user_id` int(11) NOT NULL COMMENT '更新人',
  `update_time` datetime NOT NULL COMMENT '更新时间',
  PRIMARY KEY (`id`)
) ENGINE=InnoDB AUTO_INCREMENT=43 DEFAULT CHARSET=utf8;

-- ----------------------------
-- Records of blog_note_category
-- ----------------------------
INSERT INTO `blog_note_category` VALUES ('36', 'vue', null, '1', '2018-12-06 18:55:30', '1', '2018-12-06 18:55:30');
INSERT INTO `blog_note_category` VALUES ('38', 'node.js', null, '1', '2018-12-06 18:56:40', '1', '2018-12-06 18:56:40');
INSERT INTO `blog_note_category` VALUES ('39', 'jquery', null, '1', '2018-12-06 18:56:46', '1', '2018-12-06 18:56:46');
INSERT INTO `blog_note_category` VALUES ('40', 'egg.js', null, '1', '2018-12-06 18:56:51', '1', '2018-12-06 18:56:51');
INSERT INTO `blog_note_category` VALUES ('41', 'python', '2', '1', '2018-12-07 17:35:55', '1', '2018-12-07 17:36:38');
