/*
Navicat MySQL Data Transfer

Source Server         : localhost
Source Server Version : 50505
Source Host           : localhost:3306
Source Database       : blog

Target Server Type    : MYSQL
Target Server Version : 50505
File Encoding         : 65001

Date: 2018-12-11 17:28:24
*/

SET FOREIGN_KEY_CHECKS=0;

-- ----------------------------
-- Table structure for auth_menu
-- ----------------------------
DROP TABLE IF EXISTS `auth_menu`;
CREATE TABLE `auth_menu` (
  `id` int(11) NOT NULL AUTO_INCREMENT COMMENT 'ID',
  `syscode` tinyint(2) DEFAULT NULL COMMENT '系统编号：1-EE快聘；2-精英易；3-聘得易；',
  `title` varchar(60) NOT NULL COMMENT '标题',
  `url` varchar(300) DEFAULT NULL COMMENT 'URL地址',
  `link_urls` varchar(1000) DEFAULT NULL COMMENT '相关url，授权后相关联URL也有效',
  `type` tinyint(1) NOT NULL DEFAULT '1' COMMENT '类型：1-菜单；2-功能；',
  `parent_id` int(11) NOT NULL DEFAULT '0' COMMENT '上级ID',
  `parent_path` varchar(30) NOT NULL COMMENT '父级菜单id路径，逗号分隔',
  `level` int(11) NOT NULL DEFAULT '1' COMMENT '级别',
  `status` tinyint(1) NOT NULL DEFAULT '1' COMMENT '状态：1表示启用；2表示禁用；',
  `seq` int(11) NOT NULL DEFAULT '100',
  `remark` varchar(900) DEFAULT NULL COMMENT '备注',
  `del` tinyint(1) NOT NULL DEFAULT '0' COMMENT '删除：1表示删除；0表示未删除；',
  `create_user_id` varchar(32) NOT NULL COMMENT '创建人',
  `create_time` datetime NOT NULL COMMENT '创建时间',
  `update_user_id` varchar(32) NOT NULL COMMENT ' 更新人',
  `update_time` datetime NOT NULL COMMENT '更新时间',
  PRIMARY KEY (`id`)
) ENGINE=InnoDB AUTO_INCREMENT=162 DEFAULT CHARSET=utf8;

-- ----------------------------
-- Records of auth_menu
-- ----------------------------
INSERT INTO `auth_menu` VALUES ('13', '1', '账号管理', '/admin/authority/users', null, '1', '0', '', '1', '1', '10', '', '0', 'aa9abc80b5964c38bd8e7e86b9b36d4f', '2018-08-24 17:29:28', 'aa9abc80b5964c38bd8e7e86b9b36d4f', '2018-10-16 20:57:08');
INSERT INTO `auth_menu` VALUES ('14', '1', '角色管理', '/admin/authority/role', null, '1', '0', '', '1', '1', '20', '', '0', 'aa9abc80b5964c38bd8e7e86b9b36d4f', '2018-08-24 17:29:50', 'aa9abc80b5964c38bd8e7e86b9b36d4f', '2018-10-17 16:59:51');
INSERT INTO `auth_menu` VALUES ('15', '1', '菜单管理', '/admin/authority/menu', null, '1', '0', '', '1', '1', '30', '', '0', 'aa9abc80b5964c38bd8e7e86b9b36d4f', '2018-08-24 17:30:07', 'aa9abc80b5964c38bd8e7e86b9b36d4f', '2018-08-24 17:30:07');
INSERT INTO `auth_menu` VALUES ('39', '1', '发布笔记', '/admin/blog/note', '', '1', '0', '', '1', '1', '1', '', '0', '1', '2018-10-22 10:30:18', '1', '2018-12-06 18:26:42');
INSERT INTO `auth_menu` VALUES ('40', '1', '查询', '/admin/authority/menu', '/admin/authority/setChildrenMenus2', '2', '15', '15', '2', '1', '10', '', '0', '1', '2018-10-22 16:44:57', '1', '2018-10-29 15:14:28');
INSERT INTO `auth_menu` VALUES ('55', '1', '新增', '/admin/blog/note/new', '/admin/blog/note/add', '2', '39', '39', '2', '1', '10', '', '0', '1', '2018-10-27 10:59:42', '1', '2018-12-06 18:28:25');
INSERT INTO `auth_menu` VALUES ('59', '1', '编辑', '/admin/blog/note/edit', '', '2', '39', '39', '2', '1', '10', '', '0', '1', '2018-10-29 14:11:42', '1', '2018-12-06 18:28:32');
INSERT INTO `auth_menu` VALUES ('60', '1', '删除', '/admin/blog/note/del', '', '2', '39', '39', '2', '1', '30', '', '0', '1', '2018-10-29 14:12:33', '1', '2018-12-06 18:28:38');
INSERT INTO `auth_menu` VALUES ('61', '1', '新增', '/admin/authority/users/new', '/admin/authority/users/add', '2', '13', '13', '2', '1', '10', '', '0', '1', '2018-10-29 14:13:44', '1', '2018-10-29 14:16:11');
INSERT INTO `auth_menu` VALUES ('63', '1', '授权', '/admin/authority/users/authority', '', '2', '13', '13', '2', '1', '20', '', '0', '1', '2018-10-29 14:14:43', '1', '2018-10-29 14:14:43');
INSERT INTO `auth_menu` VALUES ('65', '1', '禁用', '/admin/authority/users/disable', '', '2', '13', '13', '2', '1', '30', '', '0', '1', '2018-10-29 14:15:36', '1', '2018-10-29 14:15:36');
INSERT INTO `auth_menu` VALUES ('67', '1', '启用', '/admin/authority/users/enabled', '', '2', '13', '13', '2', '1', '40', '', '0', '1', '2018-10-29 14:33:21', '1', '2018-10-29 14:33:21');
INSERT INTO `auth_menu` VALUES ('68', '1', '删除', '/admin/authority/users/del', '', '2', '13', '13', '2', '1', '50', '', '0', '1', '2018-10-29 14:46:36', '1', '2018-10-29 14:46:36');
INSERT INTO `auth_menu` VALUES ('69', '1', '查询', '/admin/blog/note', '', '2', '39', '39', '2', '1', '0', '', '0', '1', '2018-10-29 14:48:36', '1', '2018-12-06 18:28:15');
INSERT INTO `auth_menu` VALUES ('71', '1', '查询', '/admin/authority/users', '', '2', '13', '13', '2', '1', '0', '', '0', '1', '2018-10-29 14:49:28', '1', '2018-10-29 14:49:28');
INSERT INTO `auth_menu` VALUES ('72', '1', '查询', '/admin/authority/role', '', '2', '14', '14', '2', '1', '0', '', '0', '1', '2018-10-29 14:51:26', '1', '2018-10-29 14:51:26');
INSERT INTO `auth_menu` VALUES ('73', '1', '新增', '/admin/authority/role/new', '/admin/authority/role/add', '2', '14', '14', '2', '1', '10', '', '0', '1', '2018-10-29 14:51:45', '1', '2018-10-29 14:53:10');
INSERT INTO `auth_menu` VALUES ('75', '1', '编辑', '/admin/authority/role/edit', '', '2', '14', '14', '2', '1', '30', '', '0', '1', '2018-10-29 14:52:39', '1', '2018-10-29 14:52:39');
INSERT INTO `auth_menu` VALUES ('76', '1', '授权', '/admin/authority/role/authority', '/admin/authority/rote/getMenuAuthority', '2', '14', '14', '2', '1', '40', '', '0', '1', '2018-10-29 14:53:45', '1', '2018-10-29 14:54:29');
INSERT INTO `auth_menu` VALUES ('77', '1', '删除', '/admin/authority/role/del', '', '2', '14', '14', '2', '1', '50', '', '0', '1', '2018-10-29 14:55:54', '1', '2018-10-29 14:55:54');
INSERT INTO `auth_menu` VALUES ('78', '1', '新增', '/admin/authority/menu/add', '', '2', '15', '15', '2', '1', '10', '', '0', '1', '2018-10-29 15:33:03', '1', '2018-10-29 15:33:03');
INSERT INTO `auth_menu` VALUES ('80', '1', '编辑', '/admin/authority/menu/edit', '', '2', '15', '15', '2', '1', '30', '', '0', '1', '2018-10-29 15:35:34', '1', '2018-10-29 15:35:34');
INSERT INTO `auth_menu` VALUES ('82', '1', '删除', '/admin/authority/menu/del', '', '2', '15', '15', '2', '1', '40', '', '0', '1', '2018-10-29 15:41:37', '1', '2018-10-29 15:41:37');
INSERT INTO `auth_menu` VALUES ('150', '1', '笔记分类', '/admin/blog/noteCategory', '', '1', '0', '', '1', '1', '0', '', '0', '1', '2018-12-06 18:53:25', '1', '2018-12-06 18:53:25');
INSERT INTO `auth_menu` VALUES ('151', '1', '查询', '/admin/blog/noteCategory', '', '2', '150', '150', '2', '1', '0', '', '0', '1', '2018-12-07 20:11:05', '1', '2018-12-07 20:11:05');
INSERT INTO `auth_menu` VALUES ('152', '1', '新增', '/admin/blog/noteCategory/new', '/admin/blog/noteCategory/add', '2', '150', '150', '2', '1', '10', '', '0', '1', '2018-12-07 20:11:44', '1', '2018-12-07 20:15:20');
INSERT INTO `auth_menu` VALUES ('153', '1', '编辑', '/admin/blog/noteCategory/edit', '', '2', '150', '150', '2', '1', '20', '', '0', '1', '2018-12-07 20:21:21', '1', '2018-12-07 20:22:35');
INSERT INTO `auth_menu` VALUES ('154', '1', '删除', '/admin/blog/noteCategory/del', '', '2', '150', '150', '2', '1', '40', '', '0', '1', '2018-12-07 20:23:15', '1', '2018-12-07 20:23:15');
INSERT INTO `auth_menu` VALUES ('155', '1', '我来了', '', '', '1', '0', '', '1', '1', '1', '', '1', '1', '2018-12-07 21:37:50', '1', '2018-12-07 21:44:09');
INSERT INTO `auth_menu` VALUES ('156', '1', '啊啊啊', '', '', '1', '0', '', '1', '1', '22', '', '1', '1', '2018-12-07 21:42:41', '1', '2018-12-07 21:43:33');
INSERT INTO `auth_menu` VALUES ('157', '1', 'a', '', '', '1', '0', '', '1', '1', '1', '', '1', '1', '2018-12-07 21:45:07', '1', '2018-12-07 21:45:13');
INSERT INTO `auth_menu` VALUES ('158', '1', '1', '', '', '1', '0', '', '1', '1', '2', '', '1', '1', '2018-12-07 21:46:34', '1', '2018-12-07 21:46:41');
INSERT INTO `auth_menu` VALUES ('159', '1', 'a ', '', '', '1', '0', '', '1', '1', '1', '', '1', '1', '2018-12-07 21:48:58', '1', '2018-12-07 21:49:07');
INSERT INTO `auth_menu` VALUES ('160', '1', 'bbb', '', '', '1', '0', '', '1', '1', '1', '', '1', '1', '2018-12-07 21:51:08', '1', '2018-12-07 21:51:14');
INSERT INTO `auth_menu` VALUES ('161', '1', 'aa 222222', '', '', '1', '0', '', '1', '1', '3', '', '1', '1', '2018-12-07 21:52:48', '1', '2018-12-07 21:53:04');

-- ----------------------------
-- Table structure for auth_role
-- ----------------------------
DROP TABLE IF EXISTS `auth_role`;
CREATE TABLE `auth_role` (
  `id` int(11) NOT NULL AUTO_INCREMENT COMMENT 'ID',
  `name` varchar(30) NOT NULL COMMENT '角色名，限制10个汉字',
  `status` tinyint(1) NOT NULL DEFAULT '1' COMMENT '状态：1表示正常；2表示停用；',
  `remark` varchar(900) DEFAULT NULL COMMENT '备注，限制最多300个汉字，英文字母也算一个汉字',
  `create_user_id` varchar(32) NOT NULL COMMENT '创建人',
  `create_time` datetime NOT NULL COMMENT '创建时间',
  `update_user_id` varchar(32) NOT NULL COMMENT '最后修改人',
  `update_time` datetime NOT NULL COMMENT '最后修改时间',
  PRIMARY KEY (`id`)
) ENGINE=InnoDB AUTO_INCREMENT=35 DEFAULT CHARSET=utf8 COMMENT='角色表：存储角色数据';

-- ----------------------------
-- Records of auth_role
-- ----------------------------
INSERT INTO `auth_role` VALUES ('29', '产品人员', '1', '除了系统设置外的权限基本都拥有', 'aa9abc80b5964c38bd8e7e86b9b36d4f', '2018-08-22 21:19:15', 'aa9abc80b5964c38bd8e7e86b9b36d4f', '2018-09-05 19:18:08');
INSERT INTO `auth_role` VALUES ('30', '运营人员', '1', '处理日常运营业务', 'aa9abc80b5964c38bd8e7e86b9b36d4f', '2018-08-22 21:19:31', 'aa9abc80b5964c38bd8e7e86b9b36d4f', '2018-08-22 21:19:31');
INSERT INTO `auth_role` VALUES ('32', '管理员', '1', '', '1', '2018-10-22 16:41:28', '1', '2018-10-29 12:11:21');

-- ----------------------------
-- Table structure for auth_role_menu
-- ----------------------------
DROP TABLE IF EXISTS `auth_role_menu`;
CREATE TABLE `auth_role_menu` (
  `syscode` tinyint(2) NOT NULL,
  `role_id` int(11) NOT NULL COMMENT '角色ID',
  `menu_id` int(11) NOT NULL COMMENT '菜单功能ID',
  `create_user_id` varchar(32) NOT NULL COMMENT '创建人',
  `create_time` datetime NOT NULL COMMENT '创建时间',
  PRIMARY KEY (`role_id`,`menu_id`,`syscode`)
) ENGINE=InnoDB DEFAULT CHARSET=utf8 COMMENT='角色权限表：存储角色拥有的菜单功能权限数据';

-- ----------------------------
-- Records of auth_role_menu
-- ----------------------------
INSERT INTO `auth_role_menu` VALUES ('1', '32', '39', '1', '2018-12-07 21:42:50');
INSERT INTO `auth_role_menu` VALUES ('1', '32', '55', '1', '2018-12-07 21:42:50');
INSERT INTO `auth_role_menu` VALUES ('1', '32', '59', '1', '2018-12-07 21:42:50');
INSERT INTO `auth_role_menu` VALUES ('1', '32', '60', '1', '2018-12-07 21:42:50');
INSERT INTO `auth_role_menu` VALUES ('1', '32', '69', '1', '2018-12-07 21:42:50');
INSERT INTO `auth_role_menu` VALUES ('1', '32', '150', '1', '2018-12-07 21:42:50');
INSERT INTO `auth_role_menu` VALUES ('1', '32', '151', '1', '2018-12-07 21:42:50');
INSERT INTO `auth_role_menu` VALUES ('1', '32', '152', '1', '2018-12-07 21:42:50');
INSERT INTO `auth_role_menu` VALUES ('1', '32', '153', '1', '2018-12-07 21:42:50');
INSERT INTO `auth_role_menu` VALUES ('1', '32', '154', '1', '2018-12-07 21:42:50');
INSERT INTO `auth_role_menu` VALUES ('1', '32', '155', '1', '2018-12-07 21:42:50');
INSERT INTO `auth_role_menu` VALUES ('1', '32', '156', '1', '2018-12-07 21:42:50');

-- ----------------------------
-- Table structure for auth_user
-- ----------------------------
DROP TABLE IF EXISTS `auth_user`;
CREATE TABLE `auth_user` (
  `id` bigint(20) NOT NULL AUTO_INCREMENT COMMENT 'id',
  `uname` varchar(36) NOT NULL COMMENT '用户名',
  `pword` varchar(64) NOT NULL COMMENT '密码',
  `status` tinyint(1) NOT NULL DEFAULT '0' COMMENT '状态：0-正常；1-锁定;',
  `phone` varchar(11) NOT NULL COMMENT '手机号码',
  `create_user_id` varchar(32) NOT NULL,
  `create_time` datetime NOT NULL COMMENT '创建时间',
  `update_user_id` varchar(32) NOT NULL,
  `update_time` datetime NOT NULL COMMENT '最后更新时间',
  PRIMARY KEY (`id`),
  UNIQUE KEY `U_M_U_PHONE` (`phone`) USING BTREE
) ENGINE=InnoDB AUTO_INCREMENT=15 DEFAULT CHARSET=utf8 COMMENT='后台用户表';

-- ----------------------------
-- Records of auth_user
-- ----------------------------
INSERT INTO `auth_user` VALUES ('1', 'lihaohan', 'ca865006490c5fd14d6c8ea501ef284b2f4b0eb28bc5716d1dd4606baf2b3521', '0', '17665166608', '0', '2018-04-01 19:50:21', 'aa9abc80b5964c38bd8e7e86b9b36d4f', '2018-08-20 15:37:53');
INSERT INTO `auth_user` VALUES ('10', 'wuwei', 'ca865006490c5fd14d6c8ea501ef284b2f4b0eb28bc5716d1dd4606baf2b3521', '0', '16602724550', '1', '2018-10-19 10:03:01', '1', '2018-10-29 12:12:26');

-- ----------------------------
-- Table structure for auth_user_role
-- ----------------------------
DROP TABLE IF EXISTS `auth_user_role`;
CREATE TABLE `auth_user_role` (
  `user_id` bigint(20) NOT NULL COMMENT '用户ID',
  `role_id` int(11) NOT NULL COMMENT '角色ID',
  `create_user_id` varchar(32) NOT NULL COMMENT '创建人',
  `create_time` datetime NOT NULL COMMENT '创建时间',
  PRIMARY KEY (`user_id`,`role_id`)
) ENGINE=InnoDB DEFAULT CHARSET=utf8 COMMENT='用户角色表：存储用户拥有的角色数据';

-- ----------------------------
-- Records of auth_user_role
-- ----------------------------
INSERT INTO `auth_user_role` VALUES ('2', '30', '1', '2018-08-22 21:19:46');
INSERT INTO `auth_user_role` VALUES ('10', '32', '1', '2018-12-07 20:01:27');

-- ----------------------------
-- Table structure for blog_note
-- ----------------------------
DROP TABLE IF EXISTS `blog_note`;
CREATE TABLE `blog_note` (
  `id` int(11) NOT NULL AUTO_INCREMENT COMMENT 'ID',
  `category_id` int(11) NOT NULL COMMENT '分类id',
  `title` varchar(300) NOT NULL COMMENT '标题',
  `intro` varchar(1200) NOT NULL COMMENT '版本号',
  `content` blob COMMENT '内容',
  `keyword` varchar(300) DEFAULT NULL COMMENT '关键字',
  `status` tinyint(1) DEFAULT NULL COMMENT '状态：1表示草稿；2表示已发布；',
  `create_user_id` int(11) NOT NULL COMMENT '创建人',
  `create_time` datetime NOT NULL COMMENT '创建时间',
  `update_user_id` int(11) NOT NULL COMMENT '更新人',
  `update_time` datetime NOT NULL COMMENT '更新时间',
  PRIMARY KEY (`id`)
) ENGINE=InnoDB AUTO_INCREMENT=37 DEFAULT CHARSET=utf8;

-- ----------------------------
-- Records of blog_note
-- ----------------------------
INSERT INTO `blog_note` VALUES ('36', '43', '继承', '继承是面向对象中一个非常重要的特征。指的是：子类继承父类的属性和方法。\r\n我们可以通过继承的方式, 在父类的属性和方法基础上, 让子类也拥有这些属性和方法, 并可以扩展。', 0x3C68322069643D225F3922207374796C653D22626F782D73697A696E673A20626F726465722D626F783B206D617267696E2D746F703A2031656D3B206D617267696E2D626F74746F6D3A20313670783B206C696E652D6865696768743A20312E3232353B20666F6E742D73697A653A20312E3735656D3B20706F736974696F6E3A2072656C61746976653B2070616464696E672D626F74746F6D3A20302E33656D3B20626F726465722D626F74746F6D3A2031707820736F6C696420726762283233382C203233382C20323338293B20636F6C6F723A207267622835312C2035312C203531293B20666F6E742D66616D696C793A202671756F743B48656C766574696361204E6575652671756F743B2C2048656C7665746963612C202671756F743B5365676F652055492671756F743B2C20417269616C2C206672656573616E732C2073616E732D73657269663B2077686974652D73706163653A206E6F726D616C3B223EE7BBA7E689BFE79A84E5A5BDE5A4843A3C2F68323E3C6F6C207374796C653D22626F782D73697A696E673A20626F726465722D626F783B2070616464696E673A2030707820307078203070782032656D3B206D617267696E2D626F74746F6D3A20313670783B20636F6C6F723A207267622835312C2035312C203531293B20666F6E742D66616D696C793A202671756F743B48656C766574696361204E6575652671756F743B2C2048656C7665746963612C202671756F743B5365676F652055492671756F743B2C20417269616C2C206672656573616E732C2073616E732D73657269663B2077686974652D73706163653A206E6F726D616C3B2220636C6173733D22206C6973742D70616464696E676C6566742D32223E3C6C693E3C703EE5AD90E7B1BBE68BA5E69C89E788B6E7B1BBE68980E69C89E79A84E5B19EE680A7E5928CE696B9E6B395EFBC88E4BBA3E7A081E5A48DE794A8EFBC89EFBC9B3C2F703E3C2F6C693E3C6C693E3C703EE5AD90E7B1BBE58FAFE4BBA5E689A9E5B195E887AAE5B7B1E79A84E5B19EE680A7E5928CE696B9E6B395EFBC88E69BB4E781B5E6B4BBEFBC89EFBC9B3C2F703E3C2F6C693E3C6C693E3C703EE5AD90E7B1BBE58FAFE4BBA5E9878DE58699E788B6E7B1BBE79A84E696B9E6B3953C2F703E3C2F6C693E3C2F6F6C3E3C68322069643D225F313022207374796C653D22626F782D73697A696E673A20626F726465722D626F783B206D617267696E2D746F703A2031656D3B206D617267696E2D626F74746F6D3A20313670783B206C696E652D6865696768743A20312E3232353B20666F6E742D73697A653A20312E3735656D3B20706F736974696F6E3A2072656C61746976653B2070616464696E672D626F74746F6D3A20302E33656D3B20626F726465722D626F74746F6D3A2031707820736F6C696420726762283233382C203233382C20323338293B20636F6C6F723A207267622835312C2035312C203531293B20666F6E742D66616D696C793A202671756F743B48656C766574696361204E6575652671756F743B2C2048656C7665746963612C202671756F743B5365676F652055492671756F743B2C20417269616C2C206672656573616E732C2073616E732D73657269663B2077686974652D73706163653A206E6F726D616C3B223EE7BBA7E689BFE696B9E5BC8F3C2F68323E3C68332069643D225F313122207374796C653D22626F782D73697A696E673A20626F726465722D626F783B206D617267696E2D746F703A2031656D3B206D617267696E2D626F74746F6D3A20313670783B206C696E652D6865696768743A20312E34333B20666F6E742D73697A653A20312E35656D3B20706F736974696F6E3A2072656C61746976653B20636F6C6F723A207267622835312C2035312C203531293B20666F6E742D66616D696C793A202671756F743B48656C766574696361204E6575652671756F743B2C2048656C7665746963612C202671756F743B5365676F652055492671756F743B2C20417269616C2C206672656573616E732C2073616E732D73657269663B2077686974652D73706163653A206E6F726D616C3B223E3C61206E616D653D22757365722D636F6E74656E742D5F31312220687265663D2266696C653A2F2F2F453A2F42616964754E65746469736B446F776E6C6F61642F2545372542422541372545362538392542462F646F632F436C6F7375726526496E68657269742E68746D6C235F31312220636C6173733D22686561646572616E63686F722D6C696E6B2220617269612D68696464656E3D227472756522207374796C653D22626F782D73697A696E673A20626F726465722D626F783B206261636B67726F756E642D696D6167653A20696E697469616C3B206261636B67726F756E642D706F736974696F6E3A20696E697469616C3B206261636B67726F756E642D73697A653A20696E697469616C3B206261636B67726F756E642D7265706561743A20696E697469616C3B206261636B67726F756E642D6174746163686D656E743A20696E697469616C3B206261636B67726F756E642D6F726967696E3A20696E697469616C3B206261636B67726F756E642D636C69703A20696E697469616C3B20636F6C6F723A207267622836352C203133312C20313936293B20746578742D6465636F726174696F6E2D6C696E653A206E6F6E653B20706F736974696F6E3A206162736F6C7574653B20746F703A203070783B20626F74746F6D3A203070783B206C6566743A203070783B20646973706C61793A20626C6F636B3B2070616464696E672D72696768743A203670783B2070616464696E672D6C6566743A20333070783B206D617267696E2D6C6566743A202D333070783B223E266E6273703B266E6273703B266E6273703B266E6273703B266E6273703B20266E6273703B266E6273703B3C62722F3E3C2F613EE58E9FE59E8BE993BEE7BBA7E689BF3C2F68333E3C756C207374796C653D22626F782D73697A696E673A20626F726465722D626F783B2070616464696E673A2030707820307078203070782032656D3B206D617267696E2D626F74746F6D3A20313670783B20636F6C6F723A207267622835312C2035312C203531293B20666F6E742D66616D696C793A202671756F743B48656C766574696361204E6575652671756F743B2C2048656C7665746963612C202671756F743B5365676F652055492671756F743B2C20417269616C2C206672656573616E732C2073616E732D73657269663B2077686974652D73706163653A206E6F726D616C3B2220636C6173733D22206C6973742D70616464696E676C6566742D32223E3C6C693E3C70207374796C653D22626F782D73697A696E673A20626F726465722D626F783B206D617267696E2D746F703A20313670783B206D617267696E2D626F74746F6D3A20313670783B223EE6A0B8E5BF83EFBC9AE68BBFE788B6E7B1BBE5AE9EE4BE8BE69DA5E58585E5BD93E5AD90E7B1BBE58E9FE59E8BE5AFB9E8B1A13C2F703E3C2F6C693E3C6C693E3C70207374796C653D22626F782D73697A696E673A20626F726465722D626F783B206D617267696E2D746F703A20313670783B206D617267696E2D626F74746F6D3A20313670783B223EE7BCBAE782B9EFBC9A3C2F703E3C2F6C693E3C756C207374796C653D226C6973742D7374796C652D747970653A207371756172653B2220636C6173733D22206C6973742D70616464696E676C6566742D32223E3C6C693E3C703EE697A0E6B395E7BBA7E689BFE69E84E980A0E587BDE695B0E4B8ADE79A84E5B19EE680A73C2F703E3C2F6C693E3C6C693E3C703EE5889BE5BBBAE5AD90E7B1BBE5AE9EE4BE8BE697B6EFBC8CE697A0E6B395E59091E788B6E7B1BBE69E84E980A0E587BDE695B0E4BCA0E58F823C2F703E3C2F6C693E3C6C693E3C703EE58E9FE59E8BE5AFB9E8B1A1E4B8ADE5AD98E59CA8E5A49AE4BD99E79A84E5B19EE680A73C2F703E3C2F6C693E3C2F756C3E3C2F756C3E3C756C20636C6173733D22206C6973742D70616464696E676C6566742D3222207374796C653D226D617267696E2D626F74746F6D3A20313670783B2077696474683A20313739322E363470783B2070616464696E673A2030707820307078203070782032656D3B2077686974652D73706163653A206E6F726D616C3B20626F782D73697A696E673A20626F726465722D626F783B20636F6C6F723A207267622835312C2035312C203531293B20666F6E742D66616D696C793A202671756F743B48656C766574696361204E6575652671756F743B2C2048656C7665746963612C202671756F743B5365676F652055492671756F743B2C20417269616C2C206672656573616E732C2073616E732D73657269663B223E3C6C693E3C70207374796C653D226D617267696E2D746F703A20313670783B206D617267696E2D626F74746F6D3A20313670783B20626F782D73697A696E673A20626F726465722D626F783B223EE4BE8BE5AD90EFBC9A3C2F703E3C2F6C693E3C2F756C3E3C703E266E6273703B266E6273703B266E6273703B266E6273703B266E6273703B266E6273703B266E6273703B266E6273703B266E6273703B266E6273703B266E6273703B266E6273703B266E6273703B266E6273703B266E6273703B266E6273703B66756E6374696F6E20506572736F6E286E616D652C6167652C67656E646572297B3C2F703E3C703E266E6273703B266E6273703B266E6273703B266E6273703B266E6273703B266E6273703B266E6273703B266E6273703B266E6273703B266E6273703B266E6273703B266E6273703B266E6273703B266E6273703B266E6273703B266E6273703B266E6273703B266E6273703B266E6273703B266E6273703B3C7370616E207374796C653D2277686974652D73706163653A707265223E3C2F7370616E3E746869732E6E616D65203D206E616D653B3C2F703E3C703E266E6273703B266E6273703B266E6273703B266E6273703B266E6273703B266E6273703B266E6273703B266E6273703B266E6273703B266E6273703B266E6273703B266E6273703B266E6273703B266E6273703B266E6273703B266E6273703B266E6273703B266E6273703B266E6273703B266E6273703B3C7370616E207374796C653D2277686974652D73706163653A707265223E3C2F7370616E3E746869732E616765203D206167653B3C2F703E3C703E266E6273703B266E6273703B266E6273703B266E6273703B266E6273703B266E6273703B266E6273703B266E6273703B266E6273703B266E6273703B266E6273703B266E6273703B266E6273703B266E6273703B266E6273703B266E6273703B266E6273703B266E6273703B266E6273703B266E6273703B3C7370616E207374796C653D2277686974652D73706163653A707265223E3C2F7370616E3E746869732E67656E646572203D2067656E6465723B3C2F703E3C703E266E6273703B266E6273703B266E6273703B266E6273703B266E6273703B266E6273703B266E6273703B266E6273703B266E6273703B266E6273703B266E6273703B266E6273703B266E6273703B266E6273703B266E6273703B266E6273703B3C7370616E207374796C653D2277686974652D73706163653A707265223E3C2F7370616E3E7D3C2F703E3C703E266E6273703B266E6273703B266E6273703B266E6273703B266E6273703B266E6273703B266E6273703B266E6273703B266E6273703B266E6273703B266E6273703B266E6273703B266E6273703B266E6273703B266E6273703B266E6273703B3C62722F3E3C2F703E3C703E266E6273703B266E6273703B266E6273703B266E6273703B266E6273703B266E6273703B266E6273703B266E6273703B266E6273703B266E6273703B266E6273703B266E6273703B266E6273703B266E6273703B266E6273703B266E6273703B3C7370616E207374796C653D2277686974652D73706163653A707265223E3C2F7370616E3E2F2F20E585ACE585B1E79A84E5B19EE680A72FE696B9E6B395E58699E585A5E58E9FE59E8BE5AFB9E8B1A13C2F703E3C703E266E6273703B266E6273703B266E6273703B266E6273703B266E6273703B266E6273703B266E6273703B266E6273703B266E6273703B266E6273703B266E6273703B266E6273703B266E6273703B266E6273703B266E6273703B266E6273703B3C7370616E207374796C653D2277686974652D73706163653A707265223E3C2F7370616E3E506572736F6E2E70726F746F747970652E736179203D2066756E6374696F6E28297B3C2F703E3C703E266E6273703B266E6273703B266E6273703B266E6273703B266E6273703B266E6273703B266E6273703B266E6273703B266E6273703B266E6273703B266E6273703B266E6273703B266E6273703B266E6273703B266E6273703B266E6273703B266E6273703B266E6273703B266E6273703B266E6273703B3C7370616E207374796C653D2277686974652D73706163653A707265223E3C2F7370616E3E636F6E736F6C652E6C6F672860E5A4A7E5AEB6E5A5BDEFBC8CE68891E698AF247B746869732E6E616D657DEFBC8CE68891E698AFE5BCA0E58AA0E5B88560293C2F703E3C703E266E6273703B266E6273703B266E6273703B266E6273703B266E6273703B266E6273703B266E6273703B266E6273703B266E6273703B266E6273703B266E6273703B266E6273703B266E6273703B266E6273703B266E6273703B266E6273703B3C7370616E207374796C653D2277686974652D73706163653A707265223E3C2F7370616E3E7D3C2F703E3C703E266E6273703B266E6273703B266E6273703B266E6273703B266E6273703B266E6273703B266E6273703B266E6273703B266E6273703B266E6273703B266E6273703B266E6273703B266E6273703B266E6273703B266E6273703B266E6273703B3C62722F3E3C2F703E3C703E266E6273703B266E6273703B266E6273703B266E6273703B266E6273703B266E6273703B266E6273703B266E6273703B266E6273703B266E6273703B266E6273703B266E6273703B266E6273703B266E6273703B266E6273703B266E6273703B3C7370616E207374796C653D2277686974652D73706163653A707265223E3C2F7370616E3E506572736F6E2E70726F746F747970652E656174203D2066756E6374696F6E28297B3C2F703E3C703E266E6273703B266E6273703B266E6273703B266E6273703B266E6273703B266E6273703B266E6273703B266E6273703B266E6273703B266E6273703B266E6273703B266E6273703B266E6273703B266E6273703B266E6273703B266E6273703B266E6273703B266E6273703B266E6273703B266E6273703B3C7370616E207374796C653D2277686974652D73706163653A707265223E3C2F7370616E3E636F6E736F6C652E6C6F672860E5A4A7E5AEB6E5A5BDEFBC8CE68891E698AF247B746869732E6E616D657DEFBC8CE68891E59083E586B0E6BF80E5878C60293C2F703E3C703E266E6273703B266E6273703B266E6273703B266E6273703B266E6273703B266E6273703B266E6273703B266E6273703B266E6273703B266E6273703B266E6273703B266E6273703B266E6273703B266E6273703B266E6273703B266E6273703B3C7370616E207374796C653D2277686974652D73706163653A707265223E3C2F7370616E3E7D3C2F703E3C703E266E6273703B266E6273703B266E6273703B266E6273703B266E6273703B266E6273703B266E6273703B266E6273703B266E6273703B266E6273703B266E6273703B266E6273703B266E6273703B266E6273703B266E6273703B266E6273703B3C62722F3E3C2F703E3C703E266E6273703B266E6273703B266E6273703B266E6273703B266E6273703B266E6273703B266E6273703B266E6273703B266E6273703B266E6273703B266E6273703B266E6273703B266E6273703B266E6273703B266E6273703B266E6273703B3C7370616E207374796C653D2277686974652D73706163653A707265223E3C2F7370616E3E76617220736861736861203D206E657720506572736F6E28262333393B736861736861262333393B2C33302C262333393BE5A5B3262333393B293B3C2F703E3C703E266E6273703B266E6273703B266E6273703B266E6273703B266E6273703B266E6273703B266E6273703B266E6273703B266E6273703B266E6273703B266E6273703B266E6273703B266E6273703B266E6273703B266E6273703B266E6273703B3C7370616E207374796C653D2277686974652D73706163653A707265223E3C2F7370616E3E766172207169616E676461203D206E657720506572736F6E28262333393B7169616E676461262333393B2C32382C262333393BE794B7262333393B293B3C2F703E3C703E266E6273703B266E6273703B266E6273703B266E6273703B266E6273703B266E6273703B266E6273703B266E6273703B266E6273703B266E6273703B266E6273703B266E6273703B266E6273703B266E6273703B266E6273703B266E6273703B3C7370616E207374796C653D2277686974652D73706163653A707265223E3C2F7370616E3E7368617368612E65617428293B3C2F703E3C703E266E6273703B266E6273703B266E6273703B266E6273703B266E6273703B266E6273703B266E6273703B266E6273703B266E6273703B266E6273703B266E6273703B266E6273703B266E6273703B266E6273703B266E6273703B266E6273703B3C7370616E207374796C653D2277686974652D73706163653A707265223E3C2F7370616E3E7169616E6764612E73617928293B3C2F703E3C703E266E6273703B266E6273703B266E6273703B266E6273703B266E6273703B266E6273703B266E6273703B266E6273703B266E6273703B266E6273703B266E6273703B266E6273703B266E6273703B266E6273703B266E6273703B266E6273703B3C62722F3E3C2F703E3C703E266E6273703B266E6273703B266E6273703B266E6273703B266E6273703B266E6273703B266E6273703B266E6273703B266E6273703B266E6273703B266E6273703B266E6273703B266E6273703B266E6273703B266E6273703B266E6273703B3C7370616E207374796C653D2277686974652D73706163653A707265223E3C2F7370616E3E66756E6374696F6E204D616E286E616D652C616765297B3C2F703E3C703E266E6273703B266E6273703B266E6273703B266E6273703B266E6273703B266E6273703B266E6273703B266E6273703B266E6273703B266E6273703B266E6273703B266E6273703B266E6273703B266E6273703B266E6273703B266E6273703B266E6273703B266E6273703B266E6273703B266E6273703B3C7370616E207374796C653D2277686974652D73706163653A707265223E3C2F7370616E3E746869732E67656E646572203D20262333393BE794B7262333393B3B3C2F703E3C703E266E6273703B266E6273703B266E6273703B266E6273703B266E6273703B266E6273703B266E6273703B266E6273703B266E6273703B266E6273703B266E6273703B266E6273703B266E6273703B266E6273703B266E6273703B266E6273703B3C7370616E207374796C653D2277686974652D73706163653A707265223E3C2F7370616E3E7D3C2F703E3C703E266E6273703B266E6273703B266E6273703B266E6273703B266E6273703B266E6273703B266E6273703B266E6273703B266E6273703B266E6273703B266E6273703B266E6273703B266E6273703B266E6273703B266E6273703B266E6273703B3C62722F3E3C2F703E3C703E266E6273703B266E6273703B266E6273703B266E6273703B266E6273703B266E6273703B266E6273703B266E6273703B266E6273703B266E6273703B266E6273703B266E6273703B266E6273703B266E6273703B266E6273703B266E6273703B3C7370616E207374796C653D2277686974652D73706163653A707265223E3C2F7370616E3E4D616E2E70726F746F74797065203D206E657720506572736F6E28293B3C2F703E3C703E266E6273703B266E6273703B266E6273703B266E6273703B266E6273703B266E6273703B266E6273703B266E6273703B266E6273703B266E6273703B266E6273703B266E6273703B266E6273703B266E6273703B266E6273703B266E6273703B3C7370616E207374796C653D2277686974652D73706163653A707265223E3C2F7370616E3E4D616E2E70726F746F747970652E636F6E7374727563746F72203D204D616E3B3C2F703E3C703E266E6273703B266E6273703B266E6273703B266E6273703B266E6273703B266E6273703B266E6273703B266E6273703B266E6273703B266E6273703B266E6273703B266E6273703B266E6273703B266E6273703B266E6273703B266E6273703B3C62722F3E3C2F703E3C703E266E6273703B266E6273703B266E6273703B266E6273703B266E6273703B266E6273703B266E6273703B266E6273703B266E6273703B266E6273703B266E6273703B266E6273703B266E6273703B266E6273703B266E6273703B266E6273703B3C7370616E207374796C653D2277686974652D73706163653A707265223E3C2F7370616E3E766172207169616E676572203D206E6577204D616E28262333393BE5BCBAE4BA8C262333393B2C3136293B3C2F703E3C703E266E6273703B266E6273703B266E6273703B266E6273703B266E6273703B266E6273703B266E6273703B266E6273703B266E6273703B266E6273703B266E6273703B266E6273703B266E6273703B266E6273703B266E6273703B266E6273703B3C7370616E207374796C653D2277686974652D73706163653A207072653B223E3C2F7370616E3E7169616E6765722E65617428293B3C2F703E3C703E3C7370616E207374796C653D2277686974652D73706163653A707265223E3C2F7370616E3E3C2F703E3C703E266E6273703B20266E6273703B20266E6273703B20266E6273703B20266E6273703B20266E6273703B20266E6273703B20266E6273703B202F2FE5A4A7E5AEB6E5A5BDEFBC8CE68891E698AF736861736861EFBC8CE68891E59083E586B0E6BF80E5878C3C2F703E3C703E266E6273703B20266E6273703B20266E6273703B20266E6273703B20266E6273703B20266E6273703B20266E6273703B20266E6273703B202F2FE5A4A7E5AEB6E5A5BDEFBC8CE68891E698AF7169616E676461EFBC8CE68891E698AFE5BCA0E58AA0E5B8853C2F703E3C703E266E6273703B20266E6273703B20266E6273703B20266E6273703B20266E6273703B20266E6273703B20266E6273703B20266E6273703B202F2FE5A4A7E5AEB6E5A5BDEFBC8CE68891E698AF756E646566696E6564EFBC8CE68891E59083E586B0E6BF80E5878C3C2F703E3C703E3C7370616E207374796C653D2277686974652D73706163653A707265223E3C2F7370616E3E3C2F703E3C68332069643D225F313222207374796C653D22626F782D73697A696E673A20626F726465722D626F783B206D617267696E2D746F703A2031656D3B206D617267696E2D626F74746F6D3A20313670783B206C696E652D6865696768743A20312E34333B20666F6E742D73697A653A20312E35656D3B20706F736974696F6E3A2072656C61746976653B20636F6C6F723A207267622835312C2035312C203531293B20666F6E742D66616D696C793A202671756F743B48656C766574696361204E6575652671756F743B2C2048656C7665746963612C202671756F743B5365676F652055492671756F743B2C20417269616C2C206672656573616E732C2073616E732D73657269663B2077686974652D73706163653A206E6F726D616C3B223EE5809FE794A8E69E84E980A0E587BDE695B03C2F68333E3C756C207374796C653D22626F782D73697A696E673A20626F726465722D626F783B2070616464696E673A2030707820307078203070782032656D3B206D617267696E2D626F74746F6D3A20313670783B20636F6C6F723A207267622835312C2035312C203531293B20666F6E742D66616D696C793A202671756F743B48656C766574696361204E6575652671756F743B2C2048656C7665746963612C202671756F743B5365676F652055492671756F743B2C20417269616C2C206672656573616E732C2073616E732D73657269663B2077686974652D73706163653A206E6F726D616C3B2220636C6173733D22206C6973742D70616464696E676C6566742D32223E3C6C693E3C70207374796C653D22626F782D73697A696E673A20626F726465722D626F783B206D617267696E2D746F703A20313670783B206D617267696E2D626F74746F6D3A20313670783B223EE6A0B8E5BF83EFBC9AE5809FE788B6E7B1BBE79A84E69E84E980A0E587BDE695B0E69DA5E5A29EE5BCBAE5AD90E7B1BBE5AE9EE4BE8BEFBC8CE79BB8E5BD93E4BA8EE68A8AE788B6E7B1BBE79A84E5AE9EE4BE8BE5B19EE680A73C636F6465207374796C653D22626F782D73697A696E673A20626F726465722D626F783B20666F6E742D66616D696C793A20436F6E736F6C61732C202671756F743B4C696265726174696F6E204D6F6E6F2671756F743B2C204D656E6C6F2C20436F75726965722C206D6F6E6F73706163653B20666F6E742D73697A653A2031332E3670783B2070616464696E673A20302E32656D203070783B206D617267696E3A203070783B206261636B67726F756E642D636F6C6F723A207267626128302C20302C20302C20302E3034293B20626F726465722D7261646975733A203370783B223EE5A48DE588B63C2F636F64653EE4B880E4BBBDE7BB99E5AD90E7B1BBE5AE9EE4BE8B3C2F703E3C707265207374796C653D22626F782D73697A696E673A20626F726465722D626F783B206F766572666C6F773A206175746F3B20666F6E742D66616D696C793A20436F6E736F6C61732C202671756F743B4C696265726174696F6E204D6F6E6F2671756F743B2C204D656E6C6F2C20436F75726965722C206D6F6E6F73706163653B20666F6E742D73697A653A2031332E3670783B206D617267696E2D746F703A203070783B206D617267696E2D626F74746F6D3A20313670783B2070616464696E673A20313670783B206C696E652D6865696768743A20312E34353B206261636B67726F756E642D636F6C6F723A20726762283234372C203234372C20323437293B20626F726465722D7261646975733A203370783B206F766572666C6F772D777261703A206E6F726D616C3B223E202020202F2F61706C6C79E794A8E6B395EFBC9AE5809FE794A8E696B9E6B3950D0A2020202076617220617272203D205B32302C322C34302C33332C32312C382C32322C34362C33325D0D0A202020204D6174682E6D61782E6170706C79286E756C6C2C617272293C2F7072653E3C707265207374796C653D22626F782D73697A696E673A20626F726465722D626F783B206F766572666C6F773A206175746F3B20666F6E742D66616D696C793A20436F6E736F6C61732C202671756F743B4C696265726174696F6E204D6F6E6F2671756F743B2C204D656E6C6F2C20436F75726965722C206D6F6E6F73706163653B20666F6E742D73697A653A2031332E3670783B206D617267696E2D746F703A203070783B206D617267696E2D626F74746F6D3A20313670783B2070616464696E673A20313670783B206C696E652D6865696768743A20312E34353B206261636B67726F756E642D636F6C6F723A20726762283234372C203234372C20323437293B20626F726465722D7261646975733A203370783B206F766572666C6F772D777261703A206E6F726D616C3B223E2020202F2F63616C6CEFBC9AE587BDE695B02E63616C6C28746869732C612C622C632C6429202020E694B9E58F9874686973E68C87E59091EFBC8CE689A7E8A18CE587BDE695B03C2F7072653E3C2F6C693E3C756C207374796C653D226C6973742D7374796C652D747970653A207371756172653B2220636C6173733D22206C6973742D70616464696E676C6566742D32223E3C6C693E3C703E63616C6CEFBC9A3C6272207374796C653D22626F782D73697A696E673A20626F726465722D626F783B222F3EE6A0BCE5BC8FEFBC9A3C636F6465207374796C653D22626F782D73697A696E673A20626F726465722D626F783B20666F6E742D66616D696C793A20436F6E736F6C61732C202671756F743B4C696265726174696F6E204D6F6E6F2671756F743B2C204D656E6C6F2C20436F75726965722C206D6F6E6F73706163653B20666F6E742D73697A653A2031332E3670783B2070616464696E673A20302E32656D203070783B206D617267696E3A203070783B206261636B67726F756E642D636F6C6F723A207267626128302C20302C20302C20302E3034293B20626F726465722D7261646975733A203370783B223EE788B6E7B1BBE69E84E980A0E587BDE695B02E63616C6C28E5AD90E7B1BBE5AE9EE4BE8B2CE58F82E695B0312CE58F82E695B0322CE58F82E695B0332E2E2E293C2F636F64653E3C2F703E3C2F6C693E3C6C693E3C703E6170706C79EFBC9A3C6272207374796C653D22626F782D73697A696E673A20626F726465722D626F783B222F3EE6A0BCE5BC8FEFBC9A3C636F6465207374796C653D22626F782D73697A696E673A20626F726465722D626F783B20666F6E742D66616D696C793A20436F6E736F6C61732C202671756F743B4C696265726174696F6E204D6F6E6F2671756F743B2C204D656E6C6F2C20436F75726965722C206D6F6E6F73706163653B20666F6E742D73697A653A2031332E3670783B2070616464696E673A20302E32656D203070783B206D617267696E3A203070783B206261636B67726F756E642D636F6C6F723A207267626128302C20302C20302C20302E3034293B20626F726465722D7261646975733A203370783B223EE788B6E7B1BBE69E84E980A0E587BDE695B02E6170706C7928E5AD90E7B1BBE5AE9EE4BE8B2C5BE58F82E695B0312CE58F82E695B0322CE58F82E695B0332E2E2E5D293C2F636F64653E3C2F703E3C626C6F636B71756F7465207374796C653D22626F782D73697A696E673A20626F726465722D626F783B206D617267696E3A203070782030707820313670783B2070616464696E673A2030707820313570783B20636F6C6F723A20726762283131392C203131392C20313139293B20626F726465722D6C6566743A2034707820736F6C696420726762283232312C203232312C20323231293B223E3C70207374796C653D22626F782D73697A696E673A20626F726465722D626F783B206D617267696E2D746F703A203070783B206D617267696E2D626F74746F6D3A203070783B223E63616C6CE4B88E6170706C79E79A84E594AFE4B880E58CBAE588ABEFBC9AE4BCA0E58F82E696B9E5BC8FE4B88DE5908CEFBC8C63616C6CE5A49AE4B8AAE58F82E695B0EFBC8C6170706C79E58FAAE69C89E4B8A4E4B8AAE58F82E695B0EFBC8CE7ACACE4BA8CE4B8AAE58F82E695B0E4B8BAE695B0E7BB843C2F703E3C2F626C6F636B71756F74653E3C2F6C693E3C2F756C3E3C6C693E3C70207374796C653D22626F782D73697A696E673A20626F726465722D626F783B206D617267696E2D746F703A20313670783B206D617267696E2D626F74746F6D3A20313670783B223EE7BCBAE782B9EFBC9A3C2F703E3C2F6C693E3C756C20636C6173733D22206C6973742D70616464696E676C6566742D3222207374796C653D226C6973742D7374796C652D747970653A207371756172653B223E3C6C693E3C703EE6AF8FE4B8AAE5AE9EE4BE8BE983BDE68BB7E8B49DE4B880E4BBBDEFBC8CE58DA0E794A8E58685E5AD98E5A4A7EFBC8CE697A0E6B395E5AE9EE78EB0E587BDE695B0E5A48DE794A83C2F703E3C2F6C693E3C6C693E3C70207374796C653D22746578742D616C69676E3A206A7573746966793B223EE587BDE695B0E5A4AAE5A49AE5B0B1E4BC9AE5BDB1E5938DE680A7E883BDEFBC8CE58DA0E794A8E69BB4E5A49AE58685E5AD983C2F703E3C2F6C693E3C6C693E3C70207374796C653D22746578742D616C69676E3A206A7573746966793B223EE696B9E6B395E983BDE4BD9CE4B8BAE4BA86E5AE9EE4BE8BE887AAE5B7B1E79A84E696B9E6B395EFBC8CE5BD93E99C80E6B182E694B9E58F98EFBC8CE8A681E694B9E58AA8E585B6E4B8ADE4B880E4B8AAE696B9E6B395E697B6EFBC8CE4B98BE5898DE68980E69C89E79A84E5AE9EE4BE8BEFBC8CE4BB96E4BBACE79A84E8AFA5E696B9E6B395E983BDE4B88DE883BDE58F8AE697B6E4BD9CE587BAE69BB4E696B0E38082E58FAAE69C89E5908EE99DA2E79A84E5AE9EE4BE8BE6898DE883BDE8AEBFE997AEE588B0E696B0E696B9E6B395E380823C2F703E3C2F6C693E3C2F756C3E3C6C693E3C70207374796C653D226D617267696E2D746F703A20313670783B206D617267696E2D626F74746F6D3A20313670783B20626F782D73697A696E673A20626F726465722D626F783B223EE4BE8BE5AD90EFBC9A3C2F703E3C2F6C693E3C2F756C3E3C703E266E6273703B266E6273703B266E6273703B266E6273703B266E6273703B266E6273703B266E6273703B266E6273703B266E6273703B266E6273703B266E6273703B266E6273703B266E6273703B266E6273703B266E6273703B266E6273703B3C7370616E207374796C653D2277686974652D73706163653A207072653B223E3C2F7370616E3E2F2F20E788B6E7B1BB3C2F703E3C703E266E6273703B266E6273703B266E6273703B266E6273703B266E6273703B266E6273703B266E6273703B266E6273703B266E6273703B266E6273703B266E6273703B266E6273703B266E6273703B266E6273703B266E6273703B266E6273703B3C7370616E207374796C653D2277686974652D73706163653A707265223E3C2F7370616E3E66756E6374696F6E20506572736F6E286E616D652C6167652C67656E646572297B3C2F703E3C703E266E6273703B266E6273703B266E6273703B266E6273703B266E6273703B266E6273703B266E6273703B266E6273703B266E6273703B266E6273703B266E6273703B266E6273703B266E6273703B266E6273703B266E6273703B266E6273703B266E6273703B266E6273703B266E6273703B266E6273703B3C7370616E207374796C653D2277686974652D73706163653A707265223E3C2F7370616E3E746869732E6E616D65203D206E616D653B3C2F703E3C703E266E6273703B266E6273703B266E6273703B266E6273703B266E6273703B266E6273703B266E6273703B266E6273703B266E6273703B266E6273703B266E6273703B266E6273703B266E6273703B266E6273703B266E6273703B266E6273703B266E6273703B266E6273703B266E6273703B266E6273703B3C7370616E207374796C653D2277686974652D73706163653A707265223E3C2F7370616E3E746869732E616765203D206167653B3C2F703E3C703E266E6273703B266E6273703B266E6273703B266E6273703B266E6273703B266E6273703B266E6273703B266E6273703B266E6273703B266E6273703B266E6273703B266E6273703B266E6273703B266E6273703B266E6273703B266E6273703B266E6273703B266E6273703B266E6273703B266E6273703B3C7370616E207374796C653D2277686974652D73706163653A707265223E3C2F7370616E3E746869732E67656E646572203D2067656E6465723B3C2F703E3C703E266E6273703B266E6273703B266E6273703B266E6273703B266E6273703B266E6273703B266E6273703B266E6273703B266E6273703B266E6273703B266E6273703B266E6273703B266E6273703B266E6273703B266E6273703B266E6273703B3C7370616E207374796C653D2277686974652D73706163653A707265223E3C2F7370616E3E7D3C2F703E3C703E266E6273703B266E6273703B266E6273703B266E6273703B266E6273703B266E6273703B266E6273703B266E6273703B266E6273703B266E6273703B266E6273703B266E6273703B266E6273703B266E6273703B266E6273703B266E6273703B3C62722F3E3C2F703E3C703E266E6273703B266E6273703B266E6273703B266E6273703B266E6273703B266E6273703B266E6273703B266E6273703B266E6273703B266E6273703B266E6273703B266E6273703B266E6273703B266E6273703B266E6273703B266E6273703B3C7370616E207374796C653D2277686974652D73706163653A707265223E3C2F7370616E3E2F2F20E585ACE585B1E79A84E5B19EE680A72FE696B9E6B395E58699E585A5E58E9FE59E8BE5AFB9E8B1A13C2F703E3C703E266E6273703B266E6273703B266E6273703B266E6273703B266E6273703B266E6273703B266E6273703B266E6273703B266E6273703B266E6273703B266E6273703B266E6273703B266E6273703B266E6273703B266E6273703B266E6273703B3C7370616E207374796C653D2277686974652D73706163653A707265223E3C2F7370616E3E506572736F6E2E70726F746F747970652E736179203D2066756E6374696F6E28297B3C2F703E3C703E266E6273703B266E6273703B266E6273703B266E6273703B266E6273703B266E6273703B266E6273703B266E6273703B266E6273703B266E6273703B266E6273703B266E6273703B266E6273703B266E6273703B266E6273703B266E6273703B266E6273703B266E6273703B266E6273703B266E6273703B3C7370616E207374796C653D2277686974652D73706163653A707265223E3C2F7370616E3E636F6E736F6C652E6C6F672860E5A4A7E5AEB6E5A5BDEFBC8CE68891E698AF247B746869732E6E616D657DEFBC8CE68891E698AFE5BCA0E58AA0E5B88560293C2F703E3C703E266E6273703B266E6273703B266E6273703B266E6273703B266E6273703B266E6273703B266E6273703B266E6273703B266E6273703B266E6273703B266E6273703B266E6273703B266E6273703B266E6273703B266E6273703B266E6273703B3C7370616E207374796C653D2277686974652D73706163653A707265223E3C2F7370616E3E7D3C2F703E3C703E266E6273703B266E6273703B266E6273703B266E6273703B266E6273703B266E6273703B266E6273703B266E6273703B266E6273703B266E6273703B266E6273703B266E6273703B266E6273703B266E6273703B266E6273703B266E6273703B3C62722F3E3C2F703E3C703E266E6273703B266E6273703B266E6273703B266E6273703B266E6273703B266E6273703B266E6273703B266E6273703B266E6273703B266E6273703B266E6273703B266E6273703B266E6273703B266E6273703B266E6273703B266E6273703B3C7370616E207374796C653D2277686974652D73706163653A707265223E3C2F7370616E3E506572736F6E2E70726F746F747970652E656174203D2066756E6374696F6E28297B3C2F703E3C703E266E6273703B266E6273703B266E6273703B266E6273703B266E6273703B266E6273703B266E6273703B266E6273703B266E6273703B266E6273703B266E6273703B266E6273703B266E6273703B266E6273703B266E6273703B266E6273703B266E6273703B266E6273703B266E6273703B266E6273703B3C7370616E207374796C653D2277686974652D73706163653A707265223E3C2F7370616E3E636F6E736F6C652E6C6F672860E5A4A7E5AEB6E5A5BDEFBC8CE68891E698AF247B746869732E6E616D657DEFBC8CE68891E59083E586B0E6BF80E5878C60293C2F703E3C703E266E6273703B266E6273703B266E6273703B266E6273703B266E6273703B266E6273703B266E6273703B266E6273703B266E6273703B266E6273703B266E6273703B266E6273703B266E6273703B266E6273703B266E6273703B266E6273703B3C7370616E207374796C653D2277686974652D73706163653A707265223E3C2F7370616E3E7D3C2F703E3C703E266E6273703B20266E6273703B20266E6273703B20266E6273703B20266E6273703B20266E6273703B20266E6273703B20266E6273703B266E6273703B3C2F703E3C703E266E6273703B266E6273703B266E6273703B266E6273703B266E6273703B266E6273703B266E6273703B266E6273703B266E6273703B266E6273703B266E6273703B266E6273703B266E6273703B266E6273703B266E6273703B266E6273703B3C7370616E207374796C653D2277686974652D73706163653A707265223E3C2F7370616E3E766172207869616F686F6E67203D206E657720506572736F6E28262333393B7869616F6D696E67262333393B2C33302C262333393BE5A5B3262333393B293B3C2F703E3C703E266E6273703B266E6273703B266E6273703B266E6273703B266E6273703B266E6273703B266E6273703B266E6273703B266E6273703B266E6273703B266E6273703B266E6273703B266E6273703B266E6273703B266E6273703B266E6273703B3C7370616E207374796C653D2277686974652D73706163653A707265223E3C2F7370616E3E766172207869616F6D696E67203D206E657720506572736F6E28262333393B7869616F686F6E67262333393B2C32352C262333393BE794B7262333393B293B3C2F703E3C703E266E6273703B266E6273703B266E6273703B266E6273703B266E6273703B266E6273703B266E6273703B266E6273703B266E6273703B266E6273703B266E6273703B266E6273703B266E6273703B266E6273703B266E6273703B266E6273703B3C62722F3E3C2F703E3C703E266E6273703B266E6273703B266E6273703B266E6273703B266E6273703B266E6273703B266E6273703B266E6273703B266E6273703B266E6273703B266E6273703B266E6273703B266E6273703B266E6273703B266E6273703B266E6273703B3C7370616E207374796C653D2277686974652D73706163653A707265223E3C2F7370616E3E2F2F20E5AD90E7B1BB3C2F703E3C703E266E6273703B266E6273703B266E6273703B266E6273703B266E6273703B266E6273703B266E6273703B266E6273703B266E6273703B266E6273703B266E6273703B266E6273703B266E6273703B266E6273703B266E6273703B266E6273703B3C7370616E207374796C653D2277686974652D73706163653A707265223E3C2F7370616E3E66756E6374696F6E204D616E286E616D652C616765297B3C2F703E3C703E266E6273703B266E6273703B266E6273703B266E6273703B266E6273703B266E6273703B266E6273703B266E6273703B266E6273703B266E6273703B266E6273703B266E6273703B266E6273703B266E6273703B266E6273703B266E6273703B266E6273703B266E6273703B266E6273703B266E6273703B3C7370616E207374796C653D2277686974652D73706163653A707265223E3C2F7370616E3E506572736F6E2E63616C6C28746869732C6E616D652C616765293B2F2FE68A8A506572736F6EE4B8ADE79A84E4BBA3E7A081E689A7E8A18CE4B880E9818DEFBC8CE5B9B6E68A8A74686973E68C87E59091E8BF99E9878CE79A8474686973EFBC884D616EE79A84E5AE9EE4BE8BEFBC893C2F703E3C703E266E6273703B266E6273703B266E6273703B266E6273703B266E6273703B266E6273703B266E6273703B266E6273703B266E6273703B266E6273703B266E6273703B266E6273703B266E6273703B266E6273703B266E6273703B266E6273703B266E6273703B266E6273703B266E6273703B266E6273703B3C7370616E207374796C653D2277686974652D73706163653A707265223E3C2F7370616E3E2F2F20746869732E6E616D653D6E616D653B3C2F703E3C703E266E6273703B266E6273703B266E6273703B266E6273703B266E6273703B266E6273703B266E6273703B266E6273703B266E6273703B266E6273703B266E6273703B266E6273703B266E6273703B266E6273703B266E6273703B266E6273703B266E6273703B266E6273703B266E6273703B266E6273703B3C7370616E207374796C653D2277686974652D73706163653A707265223E3C2F7370616E3E2F2F20746869732E616765203D206167653B3C2F703E3C703E266E6273703B266E6273703B266E6273703B266E6273703B266E6273703B266E6273703B266E6273703B266E6273703B266E6273703B266E6273703B266E6273703B266E6273703B266E6273703B266E6273703B266E6273703B266E6273703B266E6273703B266E6273703B266E6273703B266E6273703B3C7370616E207374796C653D2277686974652D73706163653A707265223E3C2F7370616E3E2F2F20746869732E67656E646572203D20756E646566696E65643C2F703E3C703E266E6273703B266E6273703B266E6273703B266E6273703B266E6273703B266E6273703B266E6273703B266E6273703B266E6273703B266E6273703B266E6273703B266E6273703B266E6273703B266E6273703B266E6273703B266E6273703B266E6273703B266E6273703B266E6273703B266E6273703B3C7370616E207374796C653D2277686974652D73706163653A707265223E3C2F7370616E3E2F2F20506572736F6E2E62696E6428293B2F2FE694B9E58F9874686973E689A7E8A18C3C2F703E3C703E266E6273703B266E6273703B266E6273703B266E6273703B266E6273703B266E6273703B266E6273703B266E6273703B266E6273703B266E6273703B266E6273703B266E6273703B266E6273703B266E6273703B266E6273703B266E6273703B266E6273703B266E6273703B266E6273703B266E6273703B3C7370616E207374796C653D2277686974652D73706163653A707265223E3C2F7370616E3E746869732E67656E646572203D20262333393BE794B7262333393B3B3C2F703E3C703E266E6273703B266E6273703B266E6273703B266E6273703B266E6273703B266E6273703B266E6273703B266E6273703B266E6273703B266E6273703B266E6273703B266E6273703B266E6273703B266E6273703B266E6273703B266E6273703B3C7370616E207374796C653D2277686974652D73706163653A707265223E3C2F7370616E3E7D3C2F703E3C703E266E6273703B266E6273703B266E6273703B266E6273703B266E6273703B266E6273703B266E6273703B266E6273703B266E6273703B266E6273703B266E6273703B266E6273703B266E6273703B266E6273703B266E6273703B266E6273703B3C62722F3E3C2F703E3C703E266E6273703B266E6273703B266E6273703B266E6273703B266E6273703B266E6273703B266E6273703B266E6273703B266E6273703B266E6273703B266E6273703B266E6273703B266E6273703B266E6273703B266E6273703B266E6273703B3C7370616E207374796C653D2277686974652D73706163653A707265223E3C2F7370616E3E4D616E2E70726F746F74797065203D206E657720506572736F6E28293B3C2F703E3C703E266E6273703B266E6273703B266E6273703B266E6273703B266E6273703B266E6273703B266E6273703B266E6273703B266E6273703B266E6273703B266E6273703B266E6273703B266E6273703B266E6273703B266E6273703B266E6273703B3C7370616E207374796C653D2277686974652D73706163653A707265223E3C2F7370616E3E4D616E2E70726F746F747970652E636F6E7374727563746F72203D204D616E3B3C2F703E3C703E266E6273703B266E6273703B266E6273703B266E6273703B266E6273703B266E6273703B266E6273703B266E6273703B266E6273703B266E6273703B266E6273703B266E6273703B266E6273703B266E6273703B266E6273703B266E6273703B3C62722F3E3C2F703E3C703E266E6273703B266E6273703B266E6273703B266E6273703B266E6273703B266E6273703B266E6273703B266E6273703B266E6273703B266E6273703B266E6273703B266E6273703B266E6273703B266E6273703B266E6273703B266E6273703B3C7370616E207374796C653D2277686974652D73706163653A707265223E3C2F7370616E3E766172207869616F77616E67203D206E6577204D616E28262333393BE5B08FE78E8B262333393B2C3136293B3C2F703E3C703E266E6273703B266E6273703B266E6273703B266E6273703B266E6273703B266E6273703B266E6273703B266E6273703B266E6273703B266E6273703B266E6273703B266E6273703B266E6273703B266E6273703B266E6273703B266E6273703B3C7370616E207374796C653D2277686974652D73706163653A207072653B223E3C2F7370616E3E7869616F77616E672E65617428293B3C2F703E3C703E3C62722F3E3C2F703E3C703E266E6273703B266E6273703B266E6273703B266E6273703B266E6273703B266E6273703B266E6273703B266E6273703B266E6273703B266E6273703B266E6273703B266E6273703B266E6273703B266E6273703B266E6273703B266E6273703B2F2FE5A4A7E5AEB6E5A5BDEFBC8CE68891E698AFE5B08FE78E8BEFBC8CE68891E59083E586B0E6BF80E5878C3C2F703E3C68332069643D225F313322207374796C653D22626F782D73697A696E673A20626F726465722D626F783B206D617267696E2D746F703A2031656D3B206D617267696E2D626F74746F6D3A20313670783B206C696E652D6865696768743A20312E34333B20666F6E742D73697A653A20312E35656D3B20706F736974696F6E3A2072656C61746976653B20636F6C6F723A207267622835312C2035312C203531293B20666F6E742D66616D696C793A202671756F743B48656C766574696361204E6575652671756F743B2C2048656C7665746963612C202671756F743B5365676F652055492671756F743B2C20417269616C2C206672656573616E732C2073616E732D73657269663B2077686974652D73706163653A206E6F726D616C3B223EE7BB84E59088E7BBA7E689BF3C2F68333E3C70207374796C653D22626F782D73697A696E673A20626F726465722D626F783B206D617267696E2D746F703A203070783B206D617267696E2D626F74746F6D3A20313670783B20636F6C6F723A207267622835312C2035312C203531293B20666F6E742D66616D696C793A202671756F743B48656C766574696361204E6575652671756F743B2C2048656C7665746963612C202671756F743B5365676F652055492671756F743B2C20417269616C2C206672656573616E732C2073616E732D73657269663B2077686974652D73706163653A206E6F726D616C3B223E266E6273703B266E6273703B266E6273703B266E6273703BE794B1E4BA8EE4BBA5E4B88AE7BBA7E689BFE696B9E6B395E79A84E7BCBAE782B9EFBC8CE5AE9EE99985E5BC80E58F91E4B8ADE4B88DE58FAFE883BDE58D95E7BAAFE79A84E58FAAE4BDBFE794A8E4B880E7A78DE7BBA7E689BFE696B9E6B395EFBC8CE8808CE698AFE588A9E794A8E5AE83E4BBACE79A84E4BC98E782B9EFBC8CE8A784E981BFE5AE83E4BBACE79A84E7BCBAE782B9EFBC8CE68980E4BBA5E5B0B1E69C89E4BA86E7BB84E59088E7BBA7E689BFE6B3953C2F703E3C756C207374796C653D22626F782D73697A696E673A20626F726465722D626F783B2070616464696E673A2030707820307078203070782032656D3B206D617267696E2D626F74746F6D3A20313670783B20636F6C6F723A207267622835312C2035312C203531293B20666F6E742D66616D696C793A202671756F743B48656C766574696361204E6575652671756F743B2C2048656C7665746963612C202671756F743B5365676F652055492671756F743B2C20417269616C2C206672656573616E732C2073616E732D73657269663B2077686974652D73706163653A206E6F726D616C3B2220636C6173733D22206C6973742D70616464696E676C6566742D32223E3C756C20636C6173733D22206C6973742D70616464696E676C6566742D3222207374796C653D226C6973742D7374796C652D747970653A207371756172653B223E3C6C693E3C703EE7BBA7E689BFE5B19EE680A7EFBC9AE5809FE794A8E69E84E980A0E587BDE695B03C2F703E3C626C6F636B71756F7465207374796C653D22626F782D73697A696E673A20626F726465722D626F783B206D617267696E3A203070782030707820313670783B2070616464696E673A2030707820313570783B20636F6C6F723A20726762283131392C203131392C20313139293B20626F726465722D6C6566743A2034707820736F6C696420726762283232312C203232312C20323231293B223E3C70207374796C653D22626F782D73697A696E673A20626F726465722D626F783B206D617267696E2D746F703A203070783B206D617267696E2D626F74746F6D3A203070783B223EE58FAAE59CA8E69E84E980A0E587BDE695B0E4B8ADE5AE9AE4B989E5B19EE680A73C2F703E3C2F626C6F636B71756F74653E3C2F6C693E3C6C693E3C703EE7BBA7E689BFE696B9E6B395EFBC9AE58E9FE59E8BE993BEE7BBA7E689BF3C2F703E3C626C6F636B71756F7465207374796C653D22626F782D73697A696E673A20626F726465722D626F783B206D617267696E3A203070782030707820313670783B2070616464696E673A2030707820313570783B20636F6C6F723A20726762283131392C203131392C20313139293B20626F726465722D6C6566743A2034707820736F6C696420726762283232312C203232312C20323231293B223E3C70207374796C653D22626F782D73697A696E673A20626F726465722D626F783B206D617267696E2D746F703A203070783B206D617267696E2D626F74746F6D3A203070783B223EE68A8AE68980E69C89E79A84E696B9E6B395E58699E585A5E58E9FE59E8BE5AFB9E8B1A13C2F703E3C2F626C6F636B71756F74653E3C2F6C693E3C6C693E3C703EE7BB84E59088E7BBA7E689BFE698AFE69C80E5B8B8E794A8E79A84E7BBA7E689BFE6A8A1E5BC8FE380823C2F703E3C626C6F636B71756F7465207374796C653D22626F782D73697A696E673A20626F726465722D626F783B206D617267696E3A203070782030707820313670783B2070616464696E673A2030707820313570783B20636F6C6F723A20726762283131392C203131392C20313139293B20626F726465722D6C6566743A2034707820736F6C696420726762283232312C203232312C20323231293B223E3C2F626C6F636B71756F74653E3C2F6C693E3C6C693E3C703EE7BCBAE782B9EFBC88E58E9FE59E8BE993BEE7BBA7E689BFE6B395E79A84E7BCBAE782B9EFBC89EFBC9A3C2F703E3C2F6C693E3C756C20636C6173733D22637573746F6D5F64617368206C6973742D70616464696E676C6566742D31223E3C6C6920636C6173733D226C6973742D64617368206C6973742D646173682D70616464696E676C656674223E3C703EE59CA8E58E9FE59E8BE5AFB9E8B1A1E4B8ADE7949FE68890E5A49AE4BD99E79A84E5B19EE680A73C2F703E3C2F6C693E3C6C6920636C6173733D226C6973742D64617368206C6973742D646173682D70616464696E676C656674223E3C703EE5A49AE6ACA1E689A7E8A18CE788B6E7B1BBE69E84E980A0E587BDE695B03C2F703E3C2F6C693E3C2F756C3E3C2F756C3E3C2F756C3E3C756C20636C6173733D22206C6973742D70616464696E676C6566742D3222207374796C653D226D617267696E2D626F74746F6D3A20313670783B2077696474683A20313739322E363470783B2070616464696E673A2030707820307078203070782032656D3B2077686974652D73706163653A206E6F726D616C3B20626F782D73697A696E673A20626F726465722D626F783B20636F6C6F723A207267622835312C2035312C203531293B20666F6E742D66616D696C793A202671756F743B48656C766574696361204E6575652671756F743B2C2048656C7665746963612C202671756F743B5365676F652055492671756F743B2C20417269616C2C206672656573616E732C2073616E732D73657269663B223E3C756C20636C6173733D22206C6973742D70616464696E676C6566742D3222207374796C653D226C6973742D7374796C652D747970653A207371756172653B223E3C6C693E3C70207374796C653D226D617267696E2D746F703A20313670783B206D617267696E2D626F74746F6D3A20313670783B20626F782D73697A696E673A20626F726465722D626F783B223EE4BE8BE5AD90EFBC9A3C2F703E3C2F6C693E3C2F756C3E3C2F756C3E3C70207374796C653D2277686974652D73706163653A206E6F726D616C3B223E266E6273703B266E6273703B266E6273703B266E6273703B266E6273703B266E6273703B266E6273703B266E6273703B266E6273703B266E6273703B266E6273703B266E6273703B266E6273703B266E6273703B266E6273703B266E6273703B3C7370616E207374796C653D2277686974652D73706163653A207072653B223E3C2F7370616E3E2F2F20E788B6E7B1BB3C2F703E3C70207374796C653D2277686974652D73706163653A206E6F726D616C3B223E266E6273703B266E6273703B266E6273703B266E6273703B266E6273703B266E6273703B266E6273703B266E6273703B266E6273703B266E6273703B266E6273703B266E6273703B266E6273703B266E6273703B266E6273703B266E6273703B3C7370616E207374796C653D2277686974652D73706163653A207072653B223E3C2F7370616E3E66756E6374696F6E20506572736F6E286E616D652C6167652C67656E646572297B3C2F703E3C70207374796C653D2277686974652D73706163653A206E6F726D616C3B223E266E6273703B266E6273703B266E6273703B266E6273703B266E6273703B266E6273703B266E6273703B266E6273703B266E6273703B266E6273703B266E6273703B266E6273703B266E6273703B266E6273703B266E6273703B266E6273703B266E6273703B266E6273703B266E6273703B266E6273703B3C7370616E207374796C653D2277686974652D73706163653A207072653B223E3C2F7370616E3E746869732E6E616D65203D206E616D653B3C2F703E3C70207374796C653D2277686974652D73706163653A206E6F726D616C3B223E266E6273703B266E6273703B266E6273703B266E6273703B266E6273703B266E6273703B266E6273703B266E6273703B266E6273703B266E6273703B266E6273703B266E6273703B266E6273703B266E6273703B266E6273703B266E6273703B266E6273703B266E6273703B266E6273703B266E6273703B3C7370616E207374796C653D2277686974652D73706163653A207072653B223E3C2F7370616E3E746869732E616765203D206167653B3C2F703E3C70207374796C653D2277686974652D73706163653A206E6F726D616C3B223E266E6273703B266E6273703B266E6273703B266E6273703B266E6273703B266E6273703B266E6273703B266E6273703B266E6273703B266E6273703B266E6273703B266E6273703B266E6273703B266E6273703B266E6273703B266E6273703B266E6273703B266E6273703B266E6273703B266E6273703B3C7370616E207374796C653D2277686974652D73706163653A207072653B223E3C2F7370616E3E746869732E67656E646572203D2067656E6465723B3C2F703E3C70207374796C653D2277686974652D73706163653A206E6F726D616C3B223E266E6273703B266E6273703B266E6273703B266E6273703B266E6273703B266E6273703B266E6273703B266E6273703B266E6273703B266E6273703B266E6273703B266E6273703B266E6273703B266E6273703B266E6273703B266E6273703B3C7370616E207374796C653D2277686974652D73706163653A207072653B223E3C2F7370616E3E7D3C2F703E3C70207374796C653D2277686974652D73706163653A206E6F726D616C3B223E266E6273703B266E6273703B266E6273703B266E6273703B266E6273703B266E6273703B266E6273703B266E6273703B266E6273703B266E6273703B266E6273703B266E6273703B266E6273703B266E6273703B266E6273703B266E6273703B3C62722F3E3C2F703E3C70207374796C653D2277686974652D73706163653A206E6F726D616C3B223E266E6273703B266E6273703B266E6273703B266E6273703B266E6273703B266E6273703B266E6273703B266E6273703B266E6273703B266E6273703B266E6273703B266E6273703B266E6273703B266E6273703B266E6273703B266E6273703B3C7370616E207374796C653D2277686974652D73706163653A207072653B223E3C2F7370616E3E2F2F20E585ACE585B1E79A84E5B19EE680A72FE696B9E6B395E58699E585A5E58E9FE59E8BE5AFB9E8B1A13C2F703E3C70207374796C653D2277686974652D73706163653A206E6F726D616C3B223E266E6273703B266E6273703B266E6273703B266E6273703B266E6273703B266E6273703B266E6273703B266E6273703B266E6273703B266E6273703B266E6273703B266E6273703B266E6273703B266E6273703B266E6273703B266E6273703B3C7370616E207374796C653D2277686974652D73706163653A207072653B223E3C2F7370616E3E506572736F6E2E70726F746F747970652E736179203D2066756E6374696F6E28297B3C2F703E3C70207374796C653D2277686974652D73706163653A206E6F726D616C3B223E266E6273703B266E6273703B266E6273703B266E6273703B266E6273703B266E6273703B266E6273703B266E6273703B266E6273703B266E6273703B266E6273703B266E6273703B266E6273703B266E6273703B266E6273703B266E6273703B266E6273703B266E6273703B266E6273703B266E6273703B3C7370616E207374796C653D2277686974652D73706163653A207072653B223E3C2F7370616E3E636F6E736F6C652E6C6F672860E5A4A7E5AEB6E5A5BDEFBC8CE68891E698AF247B746869732E6E616D657DEFBC8CE68891E698AFE5BCA0E58AA0E5B88560293C2F703E3C70207374796C653D2277686974652D73706163653A206E6F726D616C3B223E266E6273703B266E6273703B266E6273703B266E6273703B266E6273703B266E6273703B266E6273703B266E6273703B266E6273703B266E6273703B266E6273703B266E6273703B266E6273703B266E6273703B266E6273703B266E6273703B3C7370616E207374796C653D2277686974652D73706163653A207072653B223E3C2F7370616E3E7D3C2F703E3C70207374796C653D2277686974652D73706163653A206E6F726D616C3B223E266E6273703B266E6273703B266E6273703B266E6273703B266E6273703B266E6273703B266E6273703B266E6273703B266E6273703B266E6273703B266E6273703B266E6273703B266E6273703B266E6273703B266E6273703B266E6273703B3C62722F3E3C2F703E3C70207374796C653D2277686974652D73706163653A206E6F726D616C3B223E266E6273703B266E6273703B266E6273703B266E6273703B266E6273703B266E6273703B266E6273703B266E6273703B266E6273703B266E6273703B266E6273703B266E6273703B266E6273703B266E6273703B266E6273703B266E6273703B3C7370616E207374796C653D2277686974652D73706163653A207072653B223E3C2F7370616E3E506572736F6E2E70726F746F747970652E656174203D2066756E6374696F6E28297B3C2F703E3C70207374796C653D2277686974652D73706163653A206E6F726D616C3B223E266E6273703B266E6273703B266E6273703B266E6273703B266E6273703B266E6273703B266E6273703B266E6273703B266E6273703B266E6273703B266E6273703B266E6273703B266E6273703B266E6273703B266E6273703B266E6273703B266E6273703B266E6273703B266E6273703B266E6273703B3C7370616E207374796C653D2277686974652D73706163653A207072653B223E3C2F7370616E3E636F6E736F6C652E6C6F672860E5A4A7E5AEB6E5A5BDEFBC8CE68891E698AF247B746869732E6E616D657DEFBC8CE68891E59083E586B0E6BF80E5878C60293C2F703E3C70207374796C653D2277686974652D73706163653A206E6F726D616C3B223E266E6273703B266E6273703B266E6273703B266E6273703B266E6273703B266E6273703B266E6273703B266E6273703B266E6273703B266E6273703B266E6273703B266E6273703B266E6273703B266E6273703B266E6273703B266E6273703B3C7370616E207374796C653D2277686974652D73706163653A207072653B223E3C2F7370616E3E7D3C2F703E3C70207374796C653D2277686974652D73706163653A206E6F726D616C3B223E266E6273703B20266E6273703B20266E6273703B20266E6273703B20266E6273703B20266E6273703B20266E6273703B20266E6273703B266E6273703B3C2F703E3C70207374796C653D2277686974652D73706163653A206E6F726D616C3B223E266E6273703B266E6273703B266E6273703B266E6273703B266E6273703B266E6273703B266E6273703B266E6273703B266E6273703B266E6273703B266E6273703B266E6273703B266E6273703B266E6273703B266E6273703B266E6273703B3C7370616E207374796C653D2277686974652D73706163653A207072653B223E3C2F7370616E3E766172207869616F686F6E67203D206E657720506572736F6E28262333393B7869616F6D696E67262333393B2C33302C262333393BE5A5B3262333393B293B3C2F703E3C70207374796C653D2277686974652D73706163653A206E6F726D616C3B223E266E6273703B266E6273703B266E6273703B266E6273703B266E6273703B266E6273703B266E6273703B266E6273703B266E6273703B266E6273703B266E6273703B266E6273703B266E6273703B266E6273703B266E6273703B266E6273703B3C7370616E207374796C653D2277686974652D73706163653A207072653B223E3C2F7370616E3E766172207869616F6D696E67203D206E657720506572736F6E28262333393B7869616F686F6E67262333393B2C32352C262333393BE794B7262333393B293B3C2F703E3C70207374796C653D2277686974652D73706163653A206E6F726D616C3B223E266E6273703B266E6273703B266E6273703B266E6273703B266E6273703B266E6273703B266E6273703B266E6273703B266E6273703B266E6273703B266E6273703B266E6273703B266E6273703B266E6273703B266E6273703B266E6273703B3C62722F3E3C2F703E3C70207374796C653D2277686974652D73706163653A206E6F726D616C3B223E266E6273703B266E6273703B266E6273703B266E6273703B266E6273703B266E6273703B266E6273703B266E6273703B266E6273703B266E6273703B266E6273703B266E6273703B266E6273703B266E6273703B266E6273703B266E6273703B3C7370616E207374796C653D2277686974652D73706163653A207072653B223E3C2F7370616E3E2F2F20E5AD90E7B1BB3C2F703E3C70207374796C653D2277686974652D73706163653A206E6F726D616C3B223E266E6273703B266E6273703B266E6273703B266E6273703B266E6273703B266E6273703B266E6273703B266E6273703B266E6273703B266E6273703B266E6273703B266E6273703B266E6273703B266E6273703B266E6273703B266E6273703B3C7370616E207374796C653D2277686974652D73706163653A207072653B223E3C2F7370616E3E66756E6374696F6E204D616E286E616D652C616765297B3C2F703E3C70207374796C653D2277686974652D73706163653A206E6F726D616C3B223E266E6273703B266E6273703B266E6273703B266E6273703B266E6273703B266E6273703B266E6273703B266E6273703B266E6273703B266E6273703B266E6273703B266E6273703B266E6273703B266E6273703B266E6273703B266E6273703B266E6273703B266E6273703B266E6273703B266E6273703B3C7370616E207374796C653D2277686974652D73706163653A207072653B223E3C2F7370616E3E506572736F6E2E63616C6C28746869732C6E616D652C616765293B2F2FE68A8A506572736F6EE4B8ADE79A84E4BBA3E7A081E689A7E8A18CE4B880E9818DEFBC8CE5B9B6E68A8A74686973E68C87E59091E8BF99E9878CE79A8474686973EFBC884D616EE79A84E5AE9EE4BE8BEFBC893C2F703E3C70207374796C653D2277686974652D73706163653A206E6F726D616C3B223E266E6273703B266E6273703B266E6273703B266E6273703B266E6273703B266E6273703B266E6273703B266E6273703B266E6273703B266E6273703B266E6273703B266E6273703B266E6273703B266E6273703B266E6273703B266E6273703B266E6273703B266E6273703B266E6273703B266E6273703B3C7370616E207374796C653D2277686974652D73706163653A207072653B223E3C2F7370616E3E746869732E67656E646572203D20262333393BE794B7262333393B3B3C2F703E3C70207374796C653D2277686974652D73706163653A206E6F726D616C3B223E266E6273703B266E6273703B266E6273703B266E6273703B266E6273703B266E6273703B266E6273703B266E6273703B266E6273703B266E6273703B266E6273703B266E6273703B266E6273703B266E6273703B266E6273703B266E6273703B3C7370616E207374796C653D2277686974652D73706163653A207072653B223E3C2F7370616E3E7D3C2F703E3C70207374796C653D2277686974652D73706163653A206E6F726D616C3B223E266E6273703B266E6273703B266E6273703B266E6273703B266E6273703B266E6273703B266E6273703B266E6273703B266E6273703B266E6273703B266E6273703B266E6273703B266E6273703B266E6273703B266E6273703B266E6273703B3C62722F3E3C2F703E3C70207374796C653D2277686974652D73706163653A206E6F726D616C3B223E266E6273703B266E6273703B266E6273703B266E6273703B266E6273703B266E6273703B266E6273703B266E6273703B266E6273703B266E6273703B266E6273703B266E6273703B266E6273703B266E6273703B266E6273703B266E6273703B3C7370616E207374796C653D2277686974652D73706163653A207072653B223E3C2F7370616E3E4D616E2E70726F746F74797065203D206E657720506572736F6E28293B3C2F703E3C70207374796C653D2277686974652D73706163653A206E6F726D616C3B223E266E6273703B266E6273703B266E6273703B266E6273703B266E6273703B266E6273703B266E6273703B266E6273703B266E6273703B266E6273703B266E6273703B266E6273703B266E6273703B266E6273703B266E6273703B266E6273703B3C7370616E207374796C653D2277686974652D73706163653A207072653B223E3C2F7370616E3E4D616E2E70726F746F747970652E636F6E7374727563746F72203D204D616E3B3C2F703E3C70207374796C653D2277686974652D73706163653A206E6F726D616C3B223E266E6273703B266E6273703B266E6273703B266E6273703B266E6273703B266E6273703B266E6273703B266E6273703B266E6273703B266E6273703B266E6273703B266E6273703B266E6273703B266E6273703B266E6273703B266E6273703B3C62722F3E3C2F703E3C70207374796C653D2277686974652D73706163653A206E6F726D616C3B223E266E6273703B266E6273703B266E6273703B266E6273703B266E6273703B266E6273703B266E6273703B266E6273703B266E6273703B266E6273703B266E6273703B266E6273703B266E6273703B266E6273703B266E6273703B266E6273703B3C7370616E207374796C653D2277686974652D73706163653A207072653B223E3C2F7370616E3E766172207869616F77616E67203D206E6577204D616E28262333393BE5B08FE78E8B262333393B2C3136293B3C2F703E3C70207374796C653D2277686974652D73706163653A206E6F726D616C3B223E266E6273703B266E6273703B266E6273703B266E6273703B266E6273703B266E6273703B266E6273703B266E6273703B266E6273703B266E6273703B266E6273703B266E6273703B266E6273703B266E6273703B266E6273703B266E6273703B3C7370616E207374796C653D2277686974652D73706163653A207072653B223E3C2F7370616E3E7869616F77616E672E65617428293B3C2F703E3C70207374796C653D2277686974652D73706163653A206E6F726D616C3B223E3C62722F3E3C2F703E3C70207374796C653D2277686974652D73706163653A206E6F726D616C3B223E266E6273703B266E6273703B266E6273703B266E6273703B266E6273703B266E6273703B266E6273703B266E6273703B266E6273703B266E6273703B266E6273703B266E6273703B266E6273703B266E6273703B266E6273703B266E6273703B2F2FE5A4A7E5AEB6E5A5BDEFBC8CE68891E698AFE5B08FE78E8BEFBC8CE68891E59083E586B0E6BF80E5878C3C2F703E3C68332069643D225F313422207374796C653D22626F782D73697A696E673A20626F726465722D626F783B206D617267696E2D746F703A2031656D3B206D617267696E2D626F74746F6D3A20313670783B206C696E652D6865696768743A20312E34333B20666F6E742D73697A653A20312E35656D3B20706F736974696F6E3A2072656C61746976653B20636F6C6F723A207267622835312C2035312C203531293B20666F6E742D66616D696C793A202671756F743B48656C766574696361204E6575652671756F743B2C2048656C7665746963612C202671756F743B5365676F652055492671756F743B2C20417269616C2C206672656573616E732C2073616E732D73657269663B2077686974652D73706163653A206E6F726D616C3B223EE58E9FE59E8BE5BC8FE7BBA7E689BF3C2F68333E3C756C207374796C653D22626F782D73697A696E673A20626F726465722D626F783B2070616464696E673A2030707820307078203070782032656D3B206D617267696E2D626F74746F6D3A20313670783B20636F6C6F723A207267622835312C2035312C203531293B20666F6E742D66616D696C793A202671756F743B48656C766574696361204E6575652671756F743B2C2048656C7665746963612C202671756F743B5365676F652055492671756F743B2C20417269616C2C206672656573616E732C2073616E732D73657269663B2077686974652D73706163653A206E6F726D616C3B2220636C6173733D22206C6973742D70616464696E676C6566742D32223E3C6C693E3C703EE6A0B8E5BF83EFBC9AE58588E5889BE5BBBAE4BA86E4B880E4B8AAE4B8B4E697B6E680A7E79A84E69E84E980A0E587BDE695B0EFBC8CE784B6E5908EE5B086E4BCA0E585A5E79A84E5AFB9E8B1A1E4BD9CE4B8BAE8BF99E4B8AAE69E84E980A0E587BDE695B0E79A84E58E9FE59E8BEFBC8CE69C80E5908EE8BF94E59B9EE4BA86E8BF99E4B8AAE4B8B4E697B6E7B1BBE59E8BE79A84E4B880E4B8AAE696B0E5AE9EE4BE8B3C2F703E3C626C6F636B71756F7465207374796C653D22626F782D73697A696E673A20626F726465722D626F783B206D617267696E3A203070782030707820313670783B2070616464696E673A2030707820313570783B20636F6C6F723A20726762283131392C203131392C20313139293B20626F726465722D6C6566743A2034707820736F6C696420726762283232312C203232312C20323231293B223E3C70207374796C653D22626F782D73697A696E673A20626F726465722D626F783B206D617267696E2D746F703A203070783B206D617267696E2D626F74746F6D3A203070783B223EE8A7A3E586B3E58E9FE59E8BE993BEE7BBA7E689BFE6B395E79A84E7BCBAE782B9EFBC9AE7949FE68890E5A49AE4BD99E79A84E5B19EE680A73C2F703E3C2F626C6F636B71756F74653E3C2F6C693E3C2F756C3E3C707265207374796C653D22626F782D73697A696E673A20626F726465722D626F783B206F766572666C6F773A206175746F3B20666F6E742D66616D696C793A20436F6E736F6C61732C202671756F743B4C696265726174696F6E204D6F6E6F2671756F743B2C204D656E6C6F2C20436F75726965722C206D6F6E6F73706163653B20666F6E742D73697A653A2031332E3670783B206D617267696E2D746F703A203070783B206D617267696E2D626F74746F6D3A20313670783B2070616464696E673A20313670783B206C696E652D6865696768743A20312E34353B206261636B67726F756E642D636F6C6F723A20726762283234372C203234372C20323437293B20626F726465722D7261646975733A203370783B206F766572666C6F772D777261703A206E6F726D616C3B20636F6C6F723A207267622835312C2035312C203531293B223E3C636F646520636C6173733D226A61766173637269707422207374796C653D22626F782D73697A696E673A20626F726465722D626F783B20666F6E742D66616D696C793A20436F6E736F6C61732C202671756F743B4C696265726174696F6E204D6F6E6F2671756F743B2C204D656E6C6F2C20436F75726965722C206D6F6E6F73706163653B20666F6E742D73697A653A2031332E3670783B2070616464696E673A203070783B206D617267696E3A203070783B206261636B67726F756E643A207472616E73706172656E743B20626F726465722D7261646975733A203370783B20776F72642D627265616B3A206E6F726D616C3B20626F726465723A203070783B20646973706C61793A20696E6C696E653B206D61782D77696474683A20696E697469616C3B206F766572666C6F773A20696E697469616C3B206C696E652D6865696768743A20696E68657269743B206F766572666C6F772D777261703A206E6F726D616C3B223E20266E6273703B20266E6273703B66756E6374696F6E206F626A656374286F297B0D0A20266E6273703B20266E6273703B20266E6273703B20266E6273703B66756E6374696F6E204628297B7D0D0A20266E6273703B20266E6273703B20266E6273703B20266E6273703B462E70726F746F74797065203D206F3B0D0A20266E6273703B20266E6273703B20266E6273703B20266E6273703B72657475726E206E6577204628293B0D0A20266E6273703B20266E6273703B7D3C2F636F64653E3C2F7072653E3C756C207374796C653D22626F782D73697A696E673A20626F726465722D626F783B2070616464696E673A2030707820307078203070782032656D3B206D617267696E2D626F74746F6D3A20313670783B20636F6C6F723A207267622835312C2035312C203531293B20666F6E742D66616D696C793A202671756F743B48656C766574696361204E6575652671756F743B2C2048656C7665746963612C202671756F743B5365676F652055492671756F743B2C20417269616C2C206672656573616E732C2073616E732D73657269663B2077686974652D73706163653A206E6F726D616C3B2220636C6173733D22206C6973742D70616464696E676C6566742D32223E3C6C693E3C703E455335E78988E69CACE79A84E58E9FE59E8BE5BC8FE7BBA7E689BFEFBC9A4F626A6563742E63726561746528293C2F703E3C2F6C693E3C6C693E3C703E3C7370616E207374796C653D22636F6C6F723A207267622835312C2035312C203531293B20666F6E742D66616D696C793A202671756F743B48656C766574696361204E6575652671756F743B2C2048656C7665746963612C202671756F743B5365676F652055492671756F743B2C20417269616C2C206672656573616E732C2073616E732D73657269663B223EE4BE8BE5AD90EFBC9A3C2F7370616E3E3C62722F3E3C2F703E3C2F6C693E3C2F756C3E3C703E266E6273703B266E6273703B266E6273703B266E6273703B266E6273703B266E6273703B266E6273703B266E6273703B266E6273703B266E6273703B266E6273703B266E6273703B266E6273703B266E6273703B266E6273703B266E6273703B66756E6374696F6E20696E6865726974286F297B3C2F703E3C703E266E6273703B266E6273703B266E6273703B266E6273703B266E6273703B266E6273703B266E6273703B266E6273703B266E6273703B266E6273703B266E6273703B266E6273703B266E6273703B266E6273703B266E6273703B266E6273703B3C7370616E207374796C653D2277686974652D73706163653A707265223E3C2F7370616E3E266E6273703B20266E6273703B20266E6273703B20266E6273703B2066756E6374696F6E204628297B7D3C2F703E3C703E266E6273703B266E6273703B266E6273703B266E6273703B266E6273703B266E6273703B266E6273703B266E6273703B266E6273703B266E6273703B266E6273703B266E6273703B266E6273703B266E6273703B266E6273703B266E6273703B3C7370616E207374796C653D2277686974652D73706163653A707265223E3C2F7370616E3E266E6273703B20266E6273703B20266E6273703B20266E6273703B20462E70726F746F74797065203D206F3B3C2F703E3C703E266E6273703B266E6273703B266E6273703B266E6273703B266E6273703B266E6273703B266E6273703B266E6273703B266E6273703B266E6273703B266E6273703B266E6273703B266E6273703B266E6273703B266E6273703B266E6273703B3C7370616E207374796C653D2277686974652D73706163653A707265223E3C2F7370616E3E266E6273703B20266E6273703B20266E6273703B20266E6273703B2072657475726E206E6577204628293B3C2F703E3C703E266E6273703B266E6273703B266E6273703B266E6273703B266E6273703B266E6273703B266E6273703B266E6273703B266E6273703B266E6273703B266E6273703B266E6273703B266E6273703B266E6273703B266E6273703B266E6273703B3C7370616E207374796C653D2277686974652D73706163653A707265223E3C2F7370616E3E266E6273703B7D3C2F703E3C703E3C7370616E207374796C653D2277686974652D73706163653A707265223E3C2F7370616E3E3C2F703E3C703E266E6273703B266E6273703B266E6273703B266E6273703B266E6273703B266E6273703B266E6273703B266E6273703B266E6273703B266E6273703B266E6273703B266E6273703B266E6273703B266E6273703B266E6273703B266E6273703B3C7370616E207374796C653D2277686974652D73706163653A707265223E3C2F7370616E3E2F2F20E788B6E7B1BB3C2F703E3C703E266E6273703B266E6273703B266E6273703B266E6273703B266E6273703B266E6273703B266E6273703B266E6273703B266E6273703B266E6273703B266E6273703B266E6273703B266E6273703B266E6273703B266E6273703B266E6273703B3C7370616E207374796C653D2277686974652D73706163653A707265223E3C2F7370616E3E66756E6374696F6E20506572736F6E286E616D652C6167652C67656E646572297B3C2F703E3C703E266E6273703B266E6273703B266E6273703B266E6273703B266E6273703B266E6273703B266E6273703B266E6273703B266E6273703B266E6273703B266E6273703B266E6273703B266E6273703B266E6273703B266E6273703B266E6273703B266E6273703B266E6273703B266E6273703B266E6273703B3C7370616E207374796C653D2277686974652D73706163653A707265223E3C2F7370616E3E746869732E6E616D65203D206E616D653B3C2F703E3C703E266E6273703B266E6273703B266E6273703B266E6273703B266E6273703B266E6273703B266E6273703B266E6273703B266E6273703B266E6273703B266E6273703B266E6273703B266E6273703B266E6273703B266E6273703B266E6273703B266E6273703B266E6273703B266E6273703B266E6273703B3C7370616E207374796C653D2277686974652D73706163653A707265223E3C2F7370616E3E746869732E616765203D206167653B3C2F703E3C703E266E6273703B266E6273703B266E6273703B266E6273703B266E6273703B266E6273703B266E6273703B266E6273703B266E6273703B266E6273703B266E6273703B266E6273703B266E6273703B266E6273703B266E6273703B266E6273703B266E6273703B266E6273703B266E6273703B266E6273703B3C7370616E207374796C653D2277686974652D73706163653A707265223E3C2F7370616E3E746869732E67656E646572203D2067656E6465723B3C2F703E3C703E266E6273703B266E6273703B266E6273703B266E6273703B266E6273703B266E6273703B266E6273703B266E6273703B266E6273703B266E6273703B266E6273703B266E6273703B266E6273703B266E6273703B266E6273703B266E6273703B3C7370616E207374796C653D2277686974652D73706163653A707265223E3C2F7370616E3E7D3C2F703E3C703E266E6273703B266E6273703B266E6273703B266E6273703B266E6273703B266E6273703B266E6273703B266E6273703B266E6273703B266E6273703B266E6273703B266E6273703B266E6273703B266E6273703B266E6273703B266E6273703B3C62722F3E3C2F703E3C703E266E6273703B266E6273703B266E6273703B266E6273703B266E6273703B266E6273703B266E6273703B266E6273703B266E6273703B266E6273703B266E6273703B266E6273703B266E6273703B266E6273703B266E6273703B266E6273703B3C7370616E207374796C653D2277686974652D73706163653A707265223E3C2F7370616E3E2F2F20E585ACE585B1E79A84E5B19EE680A72FE696B9E6B395E58699E585A5E58E9FE59E8BE5AFB9E8B1A13C2F703E3C703E266E6273703B266E6273703B266E6273703B266E6273703B266E6273703B266E6273703B266E6273703B266E6273703B266E6273703B266E6273703B266E6273703B266E6273703B266E6273703B266E6273703B266E6273703B266E6273703B3C7370616E207374796C653D2277686974652D73706163653A707265223E3C2F7370616E3E506572736F6E2E70726F746F747970652E736179203D2066756E6374696F6E28297B3C2F703E3C703E266E6273703B266E6273703B266E6273703B266E6273703B266E6273703B266E6273703B266E6273703B266E6273703B266E6273703B266E6273703B266E6273703B266E6273703B266E6273703B266E6273703B266E6273703B266E6273703B266E6273703B266E6273703B266E6273703B266E6273703B3C7370616E207374796C653D2277686974652D73706163653A707265223E3C2F7370616E3E636F6E736F6C652E6C6F672860E5A4A7E5AEB6E5A5BDEFBC8CE68891E698AF247B746869732E6E616D657DEFBC8CE68891E698AFE5BCA0E58AA0E5B88560293C2F703E3C703E266E6273703B266E6273703B266E6273703B266E6273703B266E6273703B266E6273703B266E6273703B266E6273703B266E6273703B266E6273703B266E6273703B266E6273703B266E6273703B266E6273703B266E6273703B266E6273703B3C7370616E207374796C653D2277686974652D73706163653A707265223E3C2F7370616E3E7D3C2F703E3C703E266E6273703B266E6273703B266E6273703B266E6273703B266E6273703B266E6273703B266E6273703B266E6273703B266E6273703B266E6273703B266E6273703B266E6273703B266E6273703B266E6273703B266E6273703B266E6273703B3C62722F3E3C2F703E3C703E266E6273703B266E6273703B266E6273703B266E6273703B266E6273703B266E6273703B266E6273703B266E6273703B266E6273703B266E6273703B266E6273703B266E6273703B266E6273703B266E6273703B266E6273703B266E6273703B3C7370616E207374796C653D2277686974652D73706163653A707265223E3C2F7370616E3E506572736F6E2E70726F746F747970652E656174203D2066756E6374696F6E28297B3C2F703E3C703E266E6273703B266E6273703B266E6273703B266E6273703B266E6273703B266E6273703B266E6273703B266E6273703B266E6273703B266E6273703B266E6273703B266E6273703B266E6273703B266E6273703B266E6273703B266E6273703B266E6273703B266E6273703B266E6273703B266E6273703B3C7370616E207374796C653D2277686974652D73706163653A707265223E3C2F7370616E3E636F6E736F6C652E6C6F672860E5A4A7E5AEB6E5A5BDEFBC8CE68891E698AF247B746869732E6E616D657DEFBC8CE68891E59083E586B0E6BF80E5878C60293C2F703E3C703E266E6273703B266E6273703B266E6273703B266E6273703B266E6273703B266E6273703B266E6273703B266E6273703B266E6273703B266E6273703B266E6273703B266E6273703B266E6273703B266E6273703B266E6273703B266E6273703B3C7370616E207374796C653D2277686974652D73706163653A707265223E3C2F7370616E3E7D3C2F703E3C703E266E6273703B20266E6273703B20266E6273703B20266E6273703B20266E6273703B20266E6273703B20266E6273703B20266E6273703B266E6273703B3C2F703E3C703E266E6273703B266E6273703B266E6273703B266E6273703B266E6273703B266E6273703B266E6273703B266E6273703B266E6273703B266E6273703B266E6273703B266E6273703B266E6273703B266E6273703B266E6273703B266E6273703B3C7370616E207374796C653D2277686974652D73706163653A707265223E3C2F7370616E3E7661722078696F6E676461203D206E657720506572736F6E28262333393B78696F6E676461262333393B2C33302C262333393BE5A5B3262333393B293B3C2F703E3C703E266E6273703B266E6273703B266E6273703B266E6273703B266E6273703B266E6273703B266E6273703B266E6273703B266E6273703B266E6273703B266E6273703B266E6273703B266E6273703B266E6273703B266E6273703B266E6273703B3C7370616E207374796C653D2277686974652D73706163653A707265223E3C2F7370616E3E7661722078696F6E676572203D206E657720506572736F6E28262333393B78696F6E676572262333393B2C32382C262333393BE794B7262333393B293B3C2F703E3C703E266E6273703B266E6273703B266E6273703B266E6273703B266E6273703B266E6273703B266E6273703B266E6273703B266E6273703B266E6273703B266E6273703B266E6273703B266E6273703B266E6273703B266E6273703B266E6273703B3C62722F3E3C2F703E3C703E266E6273703B266E6273703B266E6273703B266E6273703B266E6273703B266E6273703B266E6273703B266E6273703B266E6273703B266E6273703B266E6273703B266E6273703B266E6273703B266E6273703B266E6273703B266E6273703B3C7370616E207374796C653D2277686974652D73706163653A707265223E3C2F7370616E3E2F2F20E5AD90E7B1BB3C2F703E3C703E266E6273703B266E6273703B266E6273703B266E6273703B266E6273703B266E6273703B266E6273703B266E6273703B266E6273703B266E6273703B266E6273703B266E6273703B266E6273703B266E6273703B266E6273703B266E6273703B3C7370616E207374796C653D2277686974652D73706163653A707265223E3C2F7370616E3E66756E6374696F6E204D616E286E616D652C616765297B3C2F703E3C703E266E6273703B266E6273703B266E6273703B266E6273703B266E6273703B266E6273703B266E6273703B266E6273703B266E6273703B266E6273703B266E6273703B266E6273703B266E6273703B266E6273703B266E6273703B266E6273703B266E6273703B266E6273703B266E6273703B266E6273703B3C7370616E207374796C653D2277686974652D73706163653A707265223E3C2F7370616E3E506572736F6E2E63616C6C28746869732C6E616D652C616765293B2F2FE68A8A506572736F6EE4B8ADE79A84E4BBA3E7A081E689A7E8A18CE4B880E9818DEFBC8CE5B9B6E68A8A74686973E68C87E59091E8BF99E9878CE79A8474686973EFBC884D616EE79A84E5AE9EE4BE8BEFBC893C2F703E3C703E266E6273703B266E6273703B266E6273703B266E6273703B266E6273703B266E6273703B266E6273703B266E6273703B266E6273703B266E6273703B266E6273703B266E6273703B266E6273703B266E6273703B266E6273703B266E6273703B266E6273703B266E6273703B266E6273703B266E6273703B3C7370616E207374796C653D2277686974652D73706163653A707265223E3C2F7370616E3E746869732E67656E646572203D20262333393BE794B7262333393B3B3C2F703E3C703E266E6273703B266E6273703B266E6273703B266E6273703B266E6273703B266E6273703B266E6273703B266E6273703B266E6273703B266E6273703B266E6273703B266E6273703B266E6273703B266E6273703B266E6273703B266E6273703B3C7370616E207374796C653D2277686974652D73706163653A707265223E3C2F7370616E3E7D3C2F703E3C703E266E6273703B266E6273703B266E6273703B266E6273703B266E6273703B266E6273703B266E6273703B266E6273703B266E6273703B266E6273703B266E6273703B266E6273703B266E6273703B266E6273703B266E6273703B266E6273703B3C62722F3E3C2F703E3C703E266E6273703B266E6273703B266E6273703B266E6273703B266E6273703B266E6273703B266E6273703B266E6273703B266E6273703B266E6273703B266E6273703B266E6273703B266E6273703B266E6273703B266E6273703B266E6273703B3C7370616E207374796C653D2277686974652D73706163653A707265223E3C2F7370616E3E2F2F204D616E2E70726F746F74797065203D206E657720506572736F6E28293B2F2FE7949FE68890E5A49AE4BD99E79A84E5B19EE680A73C2F703E3C703E266E6273703B266E6273703B266E6273703B266E6273703B266E6273703B266E6273703B266E6273703B266E6273703B266E6273703B266E6273703B266E6273703B266E6273703B266E6273703B266E6273703B266E6273703B266E6273703B3C7370616E207374796C653D2277686974652D73706163653A707265223E3C2F7370616E3E4D616E2E70726F746F74797065203D20696E686572697428506572736F6E2E70726F746F74797065293B3C2F703E3C703E266E6273703B266E6273703B266E6273703B266E6273703B266E6273703B266E6273703B266E6273703B266E6273703B266E6273703B266E6273703B266E6273703B266E6273703B266E6273703B266E6273703B266E6273703B266E6273703B3C62722F3E3C2F703E3C703E266E6273703B266E6273703B266E6273703B266E6273703B266E6273703B266E6273703B266E6273703B266E6273703B266E6273703B266E6273703B266E6273703B266E6273703B266E6273703B266E6273703B266E6273703B266E6273703B3C7370616E207374796C653D2277686974652D73706163653A707265223E3C2F7370616E3E2F2F204553353C2F703E3C703E266E6273703B266E6273703B266E6273703B266E6273703B266E6273703B266E6273703B266E6273703B266E6273703B266E6273703B266E6273703B266E6273703B266E6273703B266E6273703B266E6273703B266E6273703B266E6273703B3C7370616E207374796C653D2277686974652D73706163653A707265223E3C2F7370616E3E2F2F204D616E2E70726F746F74797065203D204F626A6563742E63726561746528506572736F6E2E70726F746F74797065293B3C2F703E3C703E266E6273703B266E6273703B266E6273703B266E6273703B266E6273703B266E6273703B266E6273703B266E6273703B266E6273703B266E6273703B266E6273703B266E6273703B266E6273703B266E6273703B266E6273703B266E6273703B3C7370616E207374796C653D2277686974652D73706163653A707265223E3C2F7370616E3E2F2F204D616E2E70726F746F747970652E636F6E7374727563746F72203D204D616E3B3C2F703E3C703E266E6273703B266E6273703B266E6273703B266E6273703B266E6273703B266E6273703B266E6273703B266E6273703B266E6273703B266E6273703B266E6273703B266E6273703B266E6273703B266E6273703B266E6273703B266E6273703B3C62722F3E3C2F703E3C703E266E6273703B266E6273703B266E6273703B266E6273703B266E6273703B266E6273703B266E6273703B266E6273703B266E6273703B266E6273703B266E6273703B266E6273703B266E6273703B266E6273703B266E6273703B266E6273703B3C7370616E207374796C653D2277686974652D73706163653A707265223E3C2F7370616E3E766172207169616E677169616E67203D206E6577204D616E28262333393BE58589E5A4B4E5BCBA262333393B2C3136293B3C2F703E3C703E266E6273703B266E6273703B266E6273703B266E6273703B266E6273703B266E6273703B266E6273703B266E6273703B266E6273703B266E6273703B266E6273703B266E6273703B266E6273703B266E6273703B266E6273703B266E6273703B3C62722F3E3C2F703E3C703E266E6273703B266E6273703B266E6273703B266E6273703B266E6273703B266E6273703B266E6273703B266E6273703B266E6273703B266E6273703B266E6273703B266E6273703B266E6273703B266E6273703B266E6273703B266E6273703B3C7370616E207374796C653D2277686974652D73706163653A207072653B223E3C2F7370616E3E7169616E677169616E672E65617428293B3C2F703E3C703E266E6273703B266E6273703B266E6273703B266E6273703B266E6273703B266E6273703B266E6273703B266E6273703B266E6273703B266E6273703B266E6273703B266E6273703B266E6273703B266E6273703B266E6273703B266E6273703B2F2FE5A4A7E5AEB6E5A5BDEFBC8CE68891E698AFE58589E5A4B4E5BCBAEFBC8CE68891E59083E586B0E6BF80E5878C3C2F703E3C68332069643D225F313522207374796C653D22626F782D73697A696E673A20626F726465722D626F783B206D617267696E2D746F703A2031656D3B206D617267696E2D626F74746F6D3A20313670783B206C696E652D6865696768743A20312E34333B20666F6E742D73697A653A20312E35656D3B20706F736974696F6E3A2072656C61746976653B20636F6C6F723A207267622835312C2035312C203531293B20666F6E742D66616D696C793A202671756F743B48656C766574696361204E6575652671756F743B2C2048656C7665746963612C202671756F743B5365676F652055492671756F743B2C20417269616C2C206672656573616E732C2073616E732D73657269663B2077686974652D73706163653A206E6F726D616C3B223EE5AF84E7949FE7BB84E59088E7BBA7E689BFE6B3953C2F68333E3C756C207374796C653D22626F782D73697A696E673A20626F726465722D626F783B2070616464696E673A2030707820307078203070782032656D3B206D617267696E2D626F74746F6D3A20313670783B20636F6C6F723A207267622835312C2035312C203531293B20666F6E742D66616D696C793A202671756F743B48656C766574696361204E6575652671756F743B2C2048656C7665746963612C202671756F743B5365676F652055492671756F743B2C20417269616C2C206672656573616E732C2073616E732D73657269663B2077686974652D73706163653A206E6F726D616C3B2220636C6173733D22206C6973742D70616464696E676C6566742D32223E3C6C693E3C703EE6A0B8E5BF83EFBC9A3C2F703E3C2F6C693E3C756C207374796C653D226C6973742D7374796C652D747970653A207371756172653B2220636C6173733D22206C6973742D70616464696E676C6566742D32223E3C6C693E3C703EE7BBA7E689BFE5B19EE680A7EFBC9AE5809FE794A8E69E84E980A0E587BDE695B03C2F703E3C2F6C693E3C6C693E3C703EE7BBA7E689BFE696B9E6B395EFBC9AE58E9FE59E8BE5BC8FE7BBA7E689BF3C2F703E3C2F6C693E3C2F756C3E3C2F756C3E3C703E266E6273703B266E6273703B266E6273703B266E6273703B266E6273703B266E6273703B266E6273703B266E6273703B266E6273703B266E6273703B266E6273703B266E6273703BE5AE8CE7BE8EE79A84E7BBA7E689BFE696B9E6B3953C62722F3E3C2F703E3C756C20636C6173733D22206C6973742D70616464696E676C6566742D3222207374796C653D226D617267696E2D626F74746F6D3A20313670783B2077696474683A20313739322E363470783B2070616464696E673A2030707820307078203070782032656D3B2077686974652D73706163653A206E6F726D616C3B20626F782D73697A696E673A20626F726465722D626F783B20636F6C6F723A207267622835312C2035312C203531293B20666F6E742D66616D696C793A202671756F743B48656C766574696361204E6575652671756F743B2C2048656C7665746963612C202671756F743B5365676F652055492671756F743B2C20417269616C2C206672656573616E732C2073616E732D73657269663B223E3C6C693E3C703EE4BE8BE5AD90EFBC9A3C62722F3E3C2F703E3C2F6C693E3C2F756C3E3C70207374796C653D2277686974652D73706163653A206E6F726D616C3B223E266E6273703B266E6273703B266E6273703B266E6273703B266E6273703B266E6273703B266E6273703B266E6273703B266E6273703B266E6273703B266E6273703B266E6273703B266E6273703B266E6273703B266E6273703B266E6273703B66756E6374696F6E20696E6865726974286F297B3C2F703E3C70207374796C653D2277686974652D73706163653A206E6F726D616C3B223E266E6273703B266E6273703B266E6273703B266E6273703B266E6273703B266E6273703B266E6273703B266E6273703B266E6273703B266E6273703B266E6273703B266E6273703B266E6273703B266E6273703B266E6273703B266E6273703B3C7370616E207374796C653D2277686974652D73706163653A207072653B223E3C2F7370616E3E266E6273703B20266E6273703B20266E6273703B20266E6273703B2066756E6374696F6E204628297B7D3C2F703E3C70207374796C653D2277686974652D73706163653A206E6F726D616C3B223E266E6273703B266E6273703B266E6273703B266E6273703B266E6273703B266E6273703B266E6273703B266E6273703B266E6273703B266E6273703B266E6273703B266E6273703B266E6273703B266E6273703B266E6273703B266E6273703B3C7370616E207374796C653D2277686974652D73706163653A207072653B223E3C2F7370616E3E266E6273703B20266E6273703B20266E6273703B20266E6273703B20462E70726F746F74797065203D206F3B3C2F703E3C70207374796C653D2277686974652D73706163653A206E6F726D616C3B223E266E6273703B266E6273703B266E6273703B266E6273703B266E6273703B266E6273703B266E6273703B266E6273703B266E6273703B266E6273703B266E6273703B266E6273703B266E6273703B266E6273703B266E6273703B266E6273703B3C7370616E207374796C653D2277686974652D73706163653A207072653B223E3C2F7370616E3E266E6273703B20266E6273703B20266E6273703B20266E6273703B2072657475726E206E6577204628293B3C2F703E3C70207374796C653D2277686974652D73706163653A206E6F726D616C3B223E266E6273703B266E6273703B266E6273703B266E6273703B266E6273703B266E6273703B266E6273703B266E6273703B266E6273703B266E6273703B266E6273703B266E6273703B266E6273703B266E6273703B266E6273703B266E6273703B3C7370616E207374796C653D2277686974652D73706163653A207072653B223E3C2F7370616E3E266E6273703B7D3C2F703E3C70207374796C653D2277686974652D73706163653A206E6F726D616C3B223E3C7370616E207374796C653D2277686974652D73706163653A207072653B223E3C2F7370616E3E3C2F703E3C70207374796C653D2277686974652D73706163653A206E6F726D616C3B223E266E6273703B266E6273703B266E6273703B266E6273703B266E6273703B266E6273703B266E6273703B266E6273703B266E6273703B266E6273703B266E6273703B266E6273703B266E6273703B266E6273703B266E6273703B266E6273703B3C7370616E207374796C653D2277686974652D73706163653A207072653B223E3C2F7370616E3E2F2F20E788B6E7B1BB3C2F703E3C70207374796C653D2277686974652D73706163653A206E6F726D616C3B223E266E6273703B266E6273703B266E6273703B266E6273703B266E6273703B266E6273703B266E6273703B266E6273703B266E6273703B266E6273703B266E6273703B266E6273703B266E6273703B266E6273703B266E6273703B266E6273703B3C7370616E207374796C653D2277686974652D73706163653A207072653B223E3C2F7370616E3E66756E6374696F6E20506572736F6E286E616D652C6167652C67656E646572297B3C2F703E3C70207374796C653D2277686974652D73706163653A206E6F726D616C3B223E266E6273703B266E6273703B266E6273703B266E6273703B266E6273703B266E6273703B266E6273703B266E6273703B266E6273703B266E6273703B266E6273703B266E6273703B266E6273703B266E6273703B266E6273703B266E6273703B266E6273703B266E6273703B266E6273703B266E6273703B3C7370616E207374796C653D2277686974652D73706163653A207072653B223E3C2F7370616E3E746869732E6E616D65203D206E616D653B3C2F703E3C70207374796C653D2277686974652D73706163653A206E6F726D616C3B223E266E6273703B266E6273703B266E6273703B266E6273703B266E6273703B266E6273703B266E6273703B266E6273703B266E6273703B266E6273703B266E6273703B266E6273703B266E6273703B266E6273703B266E6273703B266E6273703B266E6273703B266E6273703B266E6273703B266E6273703B3C7370616E207374796C653D2277686974652D73706163653A207072653B223E3C2F7370616E3E746869732E616765203D206167653B3C2F703E3C70207374796C653D2277686974652D73706163653A206E6F726D616C3B223E266E6273703B266E6273703B266E6273703B266E6273703B266E6273703B266E6273703B266E6273703B266E6273703B266E6273703B266E6273703B266E6273703B266E6273703B266E6273703B266E6273703B266E6273703B266E6273703B266E6273703B266E6273703B266E6273703B266E6273703B3C7370616E207374796C653D2277686974652D73706163653A207072653B223E3C2F7370616E3E746869732E67656E646572203D2067656E6465723B3C2F703E3C70207374796C653D2277686974652D73706163653A206E6F726D616C3B223E266E6273703B266E6273703B266E6273703B266E6273703B266E6273703B266E6273703B266E6273703B266E6273703B266E6273703B266E6273703B266E6273703B266E6273703B266E6273703B266E6273703B266E6273703B266E6273703B3C7370616E207374796C653D2277686974652D73706163653A207072653B223E3C2F7370616E3E7D3C2F703E3C70207374796C653D2277686974652D73706163653A206E6F726D616C3B223E266E6273703B266E6273703B266E6273703B266E6273703B266E6273703B266E6273703B266E6273703B266E6273703B266E6273703B266E6273703B266E6273703B266E6273703B266E6273703B266E6273703B266E6273703B266E6273703B3C62722F3E3C2F703E3C70207374796C653D2277686974652D73706163653A206E6F726D616C3B223E266E6273703B266E6273703B266E6273703B266E6273703B266E6273703B266E6273703B266E6273703B266E6273703B266E6273703B266E6273703B266E6273703B266E6273703B266E6273703B266E6273703B266E6273703B266E6273703B3C7370616E207374796C653D2277686974652D73706163653A207072653B223E3C2F7370616E3E2F2F20E585ACE585B1E79A84E5B19EE680A72FE696B9E6B395E58699E585A5E58E9FE59E8BE5AFB9E8B1A13C2F703E3C70207374796C653D2277686974652D73706163653A206E6F726D616C3B223E266E6273703B266E6273703B266E6273703B266E6273703B266E6273703B266E6273703B266E6273703B266E6273703B266E6273703B266E6273703B266E6273703B266E6273703B266E6273703B266E6273703B266E6273703B266E6273703B3C7370616E207374796C653D2277686974652D73706163653A207072653B223E3C2F7370616E3E506572736F6E2E70726F746F747970652E736179203D2066756E6374696F6E28297B3C2F703E3C70207374796C653D2277686974652D73706163653A206E6F726D616C3B223E266E6273703B266E6273703B266E6273703B266E6273703B266E6273703B266E6273703B266E6273703B266E6273703B266E6273703B266E6273703B266E6273703B266E6273703B266E6273703B266E6273703B266E6273703B266E6273703B266E6273703B266E6273703B266E6273703B266E6273703B3C7370616E207374796C653D2277686974652D73706163653A207072653B223E3C2F7370616E3E636F6E736F6C652E6C6F672860E5A4A7E5AEB6E5A5BDEFBC8CE68891E698AF247B746869732E6E616D657DEFBC8CE68891E698AFE5BCA0E58AA0E5B88560293C2F703E3C70207374796C653D2277686974652D73706163653A206E6F726D616C3B223E266E6273703B266E6273703B266E6273703B266E6273703B266E6273703B266E6273703B266E6273703B266E6273703B266E6273703B266E6273703B266E6273703B266E6273703B266E6273703B266E6273703B266E6273703B266E6273703B3C7370616E207374796C653D2277686974652D73706163653A207072653B223E3C2F7370616E3E7D3C2F703E3C70207374796C653D2277686974652D73706163653A206E6F726D616C3B223E266E6273703B266E6273703B266E6273703B266E6273703B266E6273703B266E6273703B266E6273703B266E6273703B266E6273703B266E6273703B266E6273703B266E6273703B266E6273703B266E6273703B266E6273703B266E6273703B3C62722F3E3C2F703E3C70207374796C653D2277686974652D73706163653A206E6F726D616C3B223E266E6273703B266E6273703B266E6273703B266E6273703B266E6273703B266E6273703B266E6273703B266E6273703B266E6273703B266E6273703B266E6273703B266E6273703B266E6273703B266E6273703B266E6273703B266E6273703B3C7370616E207374796C653D2277686974652D73706163653A207072653B223E3C2F7370616E3E506572736F6E2E70726F746F747970652E656174203D2066756E6374696F6E28297B3C2F703E3C70207374796C653D2277686974652D73706163653A206E6F726D616C3B223E266E6273703B266E6273703B266E6273703B266E6273703B266E6273703B266E6273703B266E6273703B266E6273703B266E6273703B266E6273703B266E6273703B266E6273703B266E6273703B266E6273703B266E6273703B266E6273703B266E6273703B266E6273703B266E6273703B266E6273703B3C7370616E207374796C653D2277686974652D73706163653A207072653B223E3C2F7370616E3E636F6E736F6C652E6C6F672860E5A4A7E5AEB6E5A5BDEFBC8CE68891E698AF247B746869732E6E616D657DEFBC8CE68891E59083E586B0E6BF80E5878C60293C2F703E3C70207374796C653D2277686974652D73706163653A206E6F726D616C3B223E266E6273703B266E6273703B266E6273703B266E6273703B266E6273703B266E6273703B266E6273703B266E6273703B266E6273703B266E6273703B266E6273703B266E6273703B266E6273703B266E6273703B266E6273703B266E6273703B3C7370616E207374796C653D2277686974652D73706163653A207072653B223E3C2F7370616E3E7D3C2F703E3C70207374796C653D2277686974652D73706163653A206E6F726D616C3B223E266E6273703B20266E6273703B20266E6273703B20266E6273703B20266E6273703B20266E6273703B20266E6273703B20266E6273703B266E6273703B3C2F703E3C70207374796C653D2277686974652D73706163653A206E6F726D616C3B223E266E6273703B266E6273703B266E6273703B266E6273703B266E6273703B266E6273703B266E6273703B266E6273703B266E6273703B266E6273703B266E6273703B266E6273703B266E6273703B266E6273703B266E6273703B266E6273703B3C7370616E207374796C653D2277686974652D73706163653A207072653B223E3C2F7370616E3E7661722078696F6E676461203D206E657720506572736F6E28262333393B78696F6E676461262333393B2C33302C262333393BE5A5B3262333393B293B3C2F703E3C70207374796C653D2277686974652D73706163653A206E6F726D616C3B223E266E6273703B266E6273703B266E6273703B266E6273703B266E6273703B266E6273703B266E6273703B266E6273703B266E6273703B266E6273703B266E6273703B266E6273703B266E6273703B266E6273703B266E6273703B266E6273703B3C7370616E207374796C653D2277686974652D73706163653A207072653B223E3C2F7370616E3E7661722078696F6E676572203D206E657720506572736F6E28262333393B78696F6E676572262333393B2C32382C262333393BE794B7262333393B293B3C2F703E3C70207374796C653D2277686974652D73706163653A206E6F726D616C3B223E266E6273703B266E6273703B266E6273703B266E6273703B266E6273703B266E6273703B266E6273703B266E6273703B266E6273703B266E6273703B266E6273703B266E6273703B266E6273703B266E6273703B266E6273703B266E6273703B3C62722F3E3C2F703E3C70207374796C653D2277686974652D73706163653A206E6F726D616C3B223E266E6273703B266E6273703B266E6273703B266E6273703B266E6273703B266E6273703B266E6273703B266E6273703B266E6273703B266E6273703B266E6273703B266E6273703B266E6273703B266E6273703B266E6273703B266E6273703B3C7370616E207374796C653D2277686974652D73706163653A207072653B223E3C2F7370616E3E2F2F20E5AD90E7B1BB3C2F703E3C70207374796C653D2277686974652D73706163653A206E6F726D616C3B223E266E6273703B266E6273703B266E6273703B266E6273703B266E6273703B266E6273703B266E6273703B266E6273703B266E6273703B266E6273703B266E6273703B266E6273703B266E6273703B266E6273703B266E6273703B266E6273703B3C7370616E207374796C653D2277686974652D73706163653A207072653B223E3C2F7370616E3E66756E6374696F6E204D616E286E616D652C616765297B3C2F703E3C70207374796C653D2277686974652D73706163653A206E6F726D616C3B223E266E6273703B266E6273703B266E6273703B266E6273703B266E6273703B266E6273703B266E6273703B266E6273703B266E6273703B266E6273703B266E6273703B266E6273703B266E6273703B266E6273703B266E6273703B266E6273703B266E6273703B266E6273703B266E6273703B266E6273703B3C7370616E207374796C653D2277686974652D73706163653A207072653B223E3C2F7370616E3E506572736F6E2E63616C6C28746869732C6E616D652C616765293B2F2FE68A8A506572736F6EE4B8ADE79A84E4BBA3E7A081E689A7E8A18CE4B880E9818DEFBC8CE5B9B6E68A8A74686973E68C87E59091E8BF99E9878CE79A8474686973EFBC884D616EE79A84E5AE9EE4BE8BEFBC893C2F703E3C70207374796C653D2277686974652D73706163653A206E6F726D616C3B223E266E6273703B266E6273703B266E6273703B266E6273703B266E6273703B266E6273703B266E6273703B266E6273703B266E6273703B266E6273703B266E6273703B266E6273703B266E6273703B266E6273703B266E6273703B266E6273703B266E6273703B266E6273703B266E6273703B266E6273703B3C7370616E207374796C653D2277686974652D73706163653A207072653B223E3C2F7370616E3E746869732E67656E646572203D20262333393BE794B7262333393B3B3C2F703E3C70207374796C653D2277686974652D73706163653A206E6F726D616C3B223E266E6273703B266E6273703B266E6273703B266E6273703B266E6273703B266E6273703B266E6273703B266E6273703B266E6273703B266E6273703B266E6273703B266E6273703B266E6273703B266E6273703B266E6273703B266E6273703B3C7370616E207374796C653D2277686974652D73706163653A207072653B223E3C2F7370616E3E7D3C2F703E3C70207374796C653D2277686974652D73706163653A206E6F726D616C3B223E266E6273703B266E6273703B266E6273703B266E6273703B266E6273703B266E6273703B266E6273703B266E6273703B266E6273703B266E6273703B266E6273703B266E6273703B266E6273703B266E6273703B266E6273703B266E6273703B3C62722F3E3C2F703E3C70207374796C653D2277686974652D73706163653A206E6F726D616C3B223E266E6273703B266E6273703B266E6273703B266E6273703B266E6273703B266E6273703B266E6273703B266E6273703B266E6273703B266E6273703B266E6273703B266E6273703B266E6273703B266E6273703B266E6273703B266E6273703B3C7370616E207374796C653D2277686974652D73706163653A207072653B223E3C2F7370616E3E2F2F204D616E2E70726F746F74797065203D206E657720506572736F6E28293B2F2FE7949FE68890E5A49AE4BD99E79A84E5B19EE680A73C2F703E3C70207374796C653D2277686974652D73706163653A206E6F726D616C3B223E266E6273703B266E6273703B266E6273703B266E6273703B266E6273703B266E6273703B266E6273703B266E6273703B266E6273703B266E6273703B266E6273703B266E6273703B266E6273703B266E6273703B266E6273703B266E6273703B3C7370616E207374796C653D2277686974652D73706163653A207072653B223E3C2F7370616E3E4D616E2E70726F746F74797065203D20696E686572697428506572736F6E2E70726F746F74797065293B3C2F703E3C70207374796C653D2277686974652D73706163653A206E6F726D616C3B223E266E6273703B266E6273703B266E6273703B266E6273703B266E6273703B266E6273703B266E6273703B266E6273703B266E6273703B266E6273703B266E6273703B266E6273703B266E6273703B266E6273703B266E6273703B266E6273703B3C62722F3E3C2F703E3C70207374796C653D2277686974652D73706163653A206E6F726D616C3B223E266E6273703B266E6273703B266E6273703B266E6273703B266E6273703B266E6273703B266E6273703B266E6273703B266E6273703B266E6273703B266E6273703B266E6273703B266E6273703B266E6273703B266E6273703B266E6273703B3C7370616E207374796C653D2277686974652D73706163653A207072653B223E3C2F7370616E3E2F2F204553353C2F703E3C70207374796C653D2277686974652D73706163653A206E6F726D616C3B223E266E6273703B266E6273703B266E6273703B266E6273703B266E6273703B266E6273703B266E6273703B266E6273703B266E6273703B266E6273703B266E6273703B266E6273703B266E6273703B266E6273703B266E6273703B266E6273703B3C7370616E207374796C653D2277686974652D73706163653A207072653B223E3C2F7370616E3E2F2F204D616E2E70726F746F74797065203D204F626A6563742E63726561746528506572736F6E2E70726F746F74797065293B3C2F703E3C70207374796C653D2277686974652D73706163653A206E6F726D616C3B223E266E6273703B266E6273703B266E6273703B266E6273703B266E6273703B266E6273703B266E6273703B266E6273703B266E6273703B266E6273703B266E6273703B266E6273703B266E6273703B266E6273703B266E6273703B266E6273703B3C7370616E207374796C653D2277686974652D73706163653A207072653B223E3C2F7370616E3E2F2F204D616E2E70726F746F747970652E636F6E7374727563746F72203D204D616E3B3C2F703E3C70207374796C653D2277686974652D73706163653A206E6F726D616C3B223E266E6273703B266E6273703B266E6273703B266E6273703B266E6273703B266E6273703B266E6273703B266E6273703B266E6273703B266E6273703B266E6273703B266E6273703B266E6273703B266E6273703B266E6273703B266E6273703B3C62722F3E3C2F703E3C70207374796C653D2277686974652D73706163653A206E6F726D616C3B223E266E6273703B266E6273703B266E6273703B266E6273703B266E6273703B266E6273703B266E6273703B266E6273703B266E6273703B266E6273703B266E6273703B266E6273703B266E6273703B266E6273703B266E6273703B266E6273703B3C7370616E207374796C653D2277686974652D73706163653A207072653B223E3C2F7370616E3E766172207169616E677169616E67203D206E6577204D616E28262333393BE58589E5A4B4E5BCBA262333393B2C3136293B3C2F703E3C70207374796C653D2277686974652D73706163653A206E6F726D616C3B223E266E6273703B266E6273703B266E6273703B266E6273703B266E6273703B266E6273703B266E6273703B266E6273703B266E6273703B266E6273703B266E6273703B266E6273703B266E6273703B266E6273703B266E6273703B266E6273703B3C62722F3E3C2F703E3C70207374796C653D2277686974652D73706163653A206E6F726D616C3B223E266E6273703B266E6273703B266E6273703B266E6273703B266E6273703B266E6273703B266E6273703B266E6273703B266E6273703B266E6273703B266E6273703B266E6273703B266E6273703B266E6273703B266E6273703B266E6273703B3C7370616E207374796C653D2277686974652D73706163653A207072653B223E3C2F7370616E3E7169616E677169616E672E65617428293B3C2F703E3C70207374796C653D2277686974652D73706163653A206E6F726D616C3B223E266E6273703B266E6273703B266E6273703B266E6273703B266E6273703B266E6273703B266E6273703B266E6273703B266E6273703B266E6273703B266E6273703B266E6273703B266E6273703B266E6273703B266E6273703B266E6273703B2F2FE5A4A7E5AEB6E5A5BDEFBC8CE68891E698AFE58589E5A4B4E5BCBAEFBC8CE68891E59083E586B0E6BF80E5878C3C2F703E3C68312069643D2265733622207374796C653D22626F782D73697A696E673A20626F726465722D626F783B20666F6E742D73697A653A20322E3235656D3B206D617267696E3A2031656D2030707820313670783B206C696E652D6865696768743A20312E323B20706F736974696F6E3A2072656C61746976653B2070616464696E672D626F74746F6D3A20302E33656D3B20626F726465722D626F74746F6D3A2031707820736F6C696420726762283233382C203233382C20323338293B20636F6C6F723A207267622835312C2035312C203531293B20666F6E742D66616D696C793A202671756F743B48656C766574696361204E6575652671756F743B2C2048656C7665746963612C202671756F743B5365676F652055492671756F743B2C20417269616C2C206672656573616E732C2073616E732D73657269663B2077686974652D73706163653A206E6F726D616C3B223E455336E4B8ADE79A84E7BBA7E689BF3C2F68313E3C68332069643D22636C61737322207374796C653D22626F782D73697A696E673A20626F726465722D626F783B206D617267696E2D746F703A2031656D3B206D617267696E2D626F74746F6D3A20313670783B206C696E652D6865696768743A20312E34333B20666F6E742D73697A653A20312E35656D3B20706F736974696F6E3A2072656C61746976653B20636F6C6F723A207267622835312C2035312C203531293B20666F6E742D66616D696C793A202671756F743B48656C766574696361204E6575652671756F743B2C2048656C7665746963612C202671756F743B5365676F652055492671756F743B2C20417269616C2C206672656573616E732C2073616E732D73657269663B2077686974652D73706163653A206E6F726D616C3B223E266E6273703B266E6273703B266E6273703B266E6273703B3C61206E616D653D22757365722D636F6E74656E742D636C6173732220687265663D2266696C653A2F2F2F453A2F42616964754E65746469736B446F776E6C6F61642F2545372542422541372545362538392542462F646F632F436C6F7375726526496E68657269742E68746D6C23636C6173732220636C6173733D22686561646572616E63686F722D6C696E6B2220617269612D68696464656E3D227472756522207374796C653D22626F782D73697A696E673A20626F726465722D626F783B206261636B67726F756E642D696D6167653A20696E697469616C3B206261636B67726F756E642D706F736974696F6E3A20696E697469616C3B206261636B67726F756E642D73697A653A20696E697469616C3B206261636B67726F756E642D7265706561743A20696E697469616C3B206261636B67726F756E642D6174746163686D656E743A20696E697469616C3B206261636B67726F756E642D6F726967696E3A20696E697469616C3B206261636B67726F756E642D636C69703A20696E697469616C3B20636F6C6F723A207267622836352C203133312C20313936293B20746578742D6465636F726174696F6E2D6C696E653A206E6F6E653B20706F736974696F6E3A206162736F6C7574653B20746F703A203070783B20626F74746F6D3A203070783B206C6566743A203070783B20646973706C61793A20626C6F636B3B2070616464696E672D72696768743A203670783B2070616464696E672D6C6566743A20333070783B206D617267696E2D6C6566743A202D333070783B223E3C2F613E436C617373E5AE9AE4B989E7B1BB3C2F68333E3C70207374796C653D22626F782D73697A696E673A20626F726465722D626F783B206D617267696E2D746F703A203070783B206D617267696E2D626F74746F6D3A20313670783B20636F6C6F723A207267622835312C2035312C203531293B20666F6E742D66616D696C793A202671756F743B48656C766574696361204E6575652671756F743B2C2048656C7665746963612C202671756F743B5365676F652055492671756F743B2C20417269616C2C206672656573616E732C2073616E732D73657269663B2077686974652D73706163653A206E6F726D616C3B223E266E6273703B266E6273703B266E6273703B266E6273703B266E6273703B266E6273703B266E6273703B266E6273703B455336E68F90E4BE9BE4BA86E69BB4E68EA5E8BF91E4BCA0E7BB9FE8AFADE8A880E79A84E58699E6B395EFBC8CE5BC95E585A5E4BA86436C617373EFBC88E7B1BBEFBC89E8BF99E4B8AAE6A682E5BFB5EFBC8CE4BD9CE4B8BAE5AFB9E8B1A1E79A84E6A8A1E69DBFE38082E9809AE8BF87636C617373E585B3E994AEE5AD97EFBC8CE58FAFE4BBA5E5AE9AE4B989E7B1BB3C6272207374796C653D22626F782D73697A696E673A20626F726465722D626F783B222F3E3C2F703E3C707265207374796C653D22626F782D73697A696E673A20626F726465722D626F783B206F766572666C6F773A206175746F3B20666F6E742D66616D696C793A20436F6E736F6C61732C202671756F743B4C696265726174696F6E204D6F6E6F2671756F743B2C204D656E6C6F2C20436F75726965722C206D6F6E6F73706163653B20666F6E742D73697A653A2031332E3670783B206D617267696E2D746F703A203070783B206D617267696E2D626F74746F6D3A20313670783B2070616464696E673A20313670783B206C696E652D6865696768743A20312E34353B206261636B67726F756E642D636F6C6F723A20726762283234372C203234372C20323437293B20626F726465722D7261646975733A203370783B206F766572666C6F772D777261703A206E6F726D616C3B20636F6C6F723A207267622835312C2035312C203531293B223E266E6273703B266E6273703B266E6273703B266E6273703B3C636F646520636C6173733D226A61766173637269707422207374796C653D22626F782D73697A696E673A20626F726465722D626F783B20666F6E742D66616D696C793A20436F6E736F6C61732C202671756F743B4C696265726174696F6E204D6F6E6F2671756F743B2C204D656E6C6F2C20436F75726965722C206D6F6E6F73706163653B20666F6E742D73697A653A2031332E3670783B2070616464696E673A203070783B206D617267696E3A203070783B206261636B67726F756E643A207472616E73706172656E743B20626F726465722D7261646975733A203370783B20776F72642D627265616B3A206E6F726D616C3B20626F726465723A203070783B20646973706C61793A20696E6C696E653B206D61782D77696474683A20696E697469616C3B206F766572666C6F773A20696E697469616C3B206C696E652D6865696768743A20696E68657269743B206F766572666C6F772D777261703A206E6F726D616C3B223E2F2FE5AE9AE4B989E7B1BB0D0A266E6273703B266E6273703B266E6273703B266E6273703B636C61737320506572736F6E207B0D0A20266E6273703B20266E6273703B266E6273703B266E6273703B266E6273703B266E6273703B636F6E7374727563746F72286E616D652C61676529207B0D0A20266E6273703B20266E6273703B20266E6273703B20266E6273703B266E6273703B266E6273703B266E6273703B266E6273703B746869732E6E616D65203D206E616D653B0D0A20266E6273703B20266E6273703B20266E6273703B20266E6273703B266E6273703B266E6273703B266E6273703B266E6273703B746869732E616765203D206167653B0D0A20266E6273703B20266E6273703B266E6273703B266E6273703B266E6273703B266E6273703B7D0D0A20266E6273703B20266E6273703B266E6273703B266E6273703B266E6273703B266E6273703B676574496E666F2829207B0D0A20266E6273703B20266E6273703B20266E6273703B20266E6273703B20266E6273703B266E6273703B266E6273703B266E6273703B72657475726E2060E68891E58FAB247B746869732E6E616D657D2CE4BB8AE5B9B4247B746869732E6167657DE5B281603B3B0D0A20266E6273703B20266E6273703B266E6273703B266E6273703B266E6273703B266E6273703B7D0D0A266E6273703B266E6273703B266E6273703B266E6273703B7D3C2F636F64653E3C2F7072653E3C70207374796C653D22626F782D73697A696E673A20626F726465722D626F783B206D617267696E2D746F703A203070783B206D617267696E2D626F74746F6D3A20313670783B20636F6C6F723A207267622835312C2035312C203531293B20666F6E742D66616D696C793A202671756F743B48656C766574696361204E6575652671756F743B2C2048656C7665746963612C202671756F743B5365676F652055492671756F743B2C20417269616C2C206672656573616E732C2073616E732D73657269663B2077686974652D73706163653A206E6F726D616C3B223E266E6273703B266E6273703B266E6273703B266E6273703B3C62722F3E3C2F703E3C756C207374796C653D22626F782D73697A696E673A20626F726465722D626F783B2070616464696E673A2030707820307078203070782032656D3B206D617267696E2D626F74746F6D3A20313670783B20636F6C6F723A207267622835312C2035312C203531293B20666F6E742D66616D696C793A202671756F743B48656C766574696361204E6575652671756F743B2C2048656C7665746963612C202671756F743B5365676F652055492671756F743B2C20417269616C2C206672656573616E732C2073616E732D73657269663B2077686974652D73706163653A206E6F726D616C3B2220636C6173733D22206C6973742D70616464696E676C6566742D32223E3C756C20636C6173733D22206C6973742D70616464696E676C6566742D3222207374796C653D226C6973742D7374796C652D747970653A207371756172653B223E3C6C693E3C703EE58699E59CA8E7B1BBE9878CE99DA2E79A84E696B9E6B395E5AE9EE99985E698AFE7BB99506572736F6E2E70726F746F74797065E6B7BBE58AA0E696B9E6B3953C2F703E3C2F6C693E3C6C693E3C703E636F6E7374727563746F72E696B9E6B395E698AFE7B1BBE79A84E9BB98E8AEA4E696B9E6B395EFBC8CE9809AE8BF876E6577E591BDE4BBA4E7949FE68890E5AFB9E8B1A1E5AE9EE4BE8BE697B6EFBC8CE887AAE58AA8E8B083E794A8E8AFA5E696B9E6B395E38082E5A682E69E9CE6B2A1E69C89636F6E7374727563746F72E696B9E6B395EFBC8CE58899E5BE97E4BDBFE794A8E9BB98E8AEA4E79A84636F6E7374726163746F72E696B9E6B3953C2F703E3C2F6C693E3C2F756C3E3C2F756C3E3C68332069643D22657874656E647322207374796C653D22626F782D73697A696E673A20626F726465722D626F783B206D617267696E2D746F703A2031656D3B206D617267696E2D626F74746F6D3A20313670783B206C696E652D6865696768743A20312E34333B20666F6E742D73697A653A20312E35656D3B20706F736974696F6E3A2072656C61746976653B20636F6C6F723A207267622835312C2035312C203531293B20666F6E742D66616D696C793A202671756F743B48656C766574696361204E6575652671756F743B2C2048656C7665746963612C202671756F743B5365676F652055492671756F743B2C20417269616C2C206672656573616E732C2073616E732D73657269663B2077686974652D73706163653A206E6F726D616C3B223E266E6273703B266E6273703B266E6273703B266E6273703B3C61206E616D653D22757365722D636F6E74656E742D657874656E64732220687265663D2266696C653A2F2F2F453A2F42616964754E65746469736B446F776E6C6F61642F2545372542422541372545362538392542462F646F632F436C6F7375726526496E68657269742E68746D6C23657874656E64732220636C6173733D22686561646572616E63686F722D6C696E6B2220617269612D68696464656E3D227472756522207374796C653D22626F782D73697A696E673A20626F726465722D626F783B206261636B67726F756E642D696D6167653A20696E697469616C3B206261636B67726F756E642D706F736974696F6E3A20696E697469616C3B206261636B67726F756E642D73697A653A20696E697469616C3B206261636B67726F756E642D7265706561743A20696E697469616C3B206261636B67726F756E642D6174746163686D656E743A20696E697469616C3B206261636B67726F756E642D6F726967696E3A20696E697469616C3B206261636B67726F756E642D636C69703A20696E697469616C3B20636F6C6F723A207267622836352C203133312C20313936293B20746578742D6465636F726174696F6E2D6C696E653A206E6F6E653B20706F736974696F6E3A206162736F6C7574653B20746F703A203070783B20626F74746F6D3A203070783B206C6566743A203070783B20646973706C61793A20626C6F636B3B2070616464696E672D72696768743A203670783B2070616464696E672D6C6566743A20333070783B206D617267696E2D6C6566743A202D333070783B223E3C2F613E657874656E6473E7BBA7E689BF3C2F68333E3C707265207374796C653D22626F782D73697A696E673A20626F726465722D626F783B206F766572666C6F773A206175746F3B20666F6E742D66616D696C793A20436F6E736F6C61732C202671756F743B4C696265726174696F6E204D6F6E6F2671756F743B2C204D656E6C6F2C20436F75726965722C206D6F6E6F73706163653B20666F6E742D73697A653A2031332E3670783B206D617267696E2D746F703A203070783B206D617267696E2D626F74746F6D3A20313670783B2070616464696E673A20313670783B206C696E652D6865696768743A20312E34353B206261636B67726F756E642D636F6C6F723A20726762283234372C203234372C20323437293B20626F726465722D7261646975733A203370783B206F766572666C6F772D777261703A206E6F726D616C3B20636F6C6F723A207267622835312C2035312C203531293B223E266E6273703B266E6273703B266E6273703B266E6273703B3C636F646520636C6173733D226A61766173637269707422207374796C653D22626F782D73697A696E673A20626F726465722D626F783B20666F6E742D66616D696C793A20436F6E736F6C61732C202671756F743B4C696265726174696F6E204D6F6E6F2671756F743B2C204D656E6C6F2C20436F75726965722C206D6F6E6F73706163653B20666F6E742D73697A653A2031332E3670783B2070616464696E673A203070783B206D617267696E3A203070783B206261636B67726F756E643A207472616E73706172656E743B20626F726465722D7261646975733A203370783B20776F72642D627265616B3A206E6F726D616C3B20626F726465723A203070783B20646973706C61793A20696E6C696E653B206D61782D77696474683A20696E697469616C3B206F766572666C6F773A20696E697469616C3B206C696E652D6865696768743A20696E68657269743B206F766572666C6F772D777261703A206E6F726D616C3B223E636C61737320506572736F6E207B0D0A20266E6273703B20266E6273703B266E6273703B266E6273703B266E6273703B266E6273703B636F6E7374727563746F72286E616D652C2061676529207B0D0A20266E6273703B20266E6273703B20266E6273703B20266E6273703B266E6273703B266E6273703B266E6273703B266E6273703B746869732E6E616D65203D206E616D653B0D0A20266E6273703B20266E6273703B20266E6273703B20266E6273703B266E6273703B266E6273703B266E6273703B266E6273703B746869732E616765203D206167653B0D0A20266E6273703B20266E6273703B266E6273703B266E6273703B266E6273703B266E6273703B7D0D0A266E6273703B266E6273703B266E6273703B266E6273703B7D0D0A0D0A266E6273703B266E6273703B266E6273703B266E6273703B636C617373204D616E20657874656E647320506572736F6E207B0D0A20266E6273703B20266E6273703B266E6273703B266E6273703B266E6273703B266E6273703B636F6E7374727563746F72286E616D652C206167652C2067656E64657229207B0D0A20266E6273703B20266E6273703B20266E6273703B20266E6273703B266E6273703B266E6273703B266E6273703B266E6273703B2F2F746869732E67656E646572203D2067656E6465723B202F2F20E68AA5E994990D0A20266E6273703B20266E6273703B20266E6273703B20266E6273703B266E6273703B266E6273703B266E6273703B266E6273703B7375706572286E616D652C20616765293B0D0A20266E6273703B20266E6273703B20266E6273703B20266E6273703B266E6273703B266E6273703B266E6273703B266E6273703B746869732E67656E646572203D2067656E6465723B202F2F20E6ADA3E7A1AE0D0A20266E6273703B20266E6273703B266E6273703B266E6273703B266E6273703B266E6273703B7D0D0A266E6273703B266E6273703B266E6273703B266E6273703B7D20266E6273703B20266E6273703B20266E6273703B20266E6273703B20266E6273703B20266E6273703B3C2F636F64653E3C2F7072653E3C756C207374796C653D22626F782D73697A696E673A20626F726465722D626F783B2070616464696E673A2030707820307078203070782032656D3B206D617267696E2D626F74746F6D3A20313670783B20636F6C6F723A207267622835312C2035312C203531293B20666F6E742D66616D696C793A202671756F743B48656C766574696361204E6575652671756F743B2C2048656C7665746963612C202671756F743B5365676F652055492671756F743B2C20417269616C2C206672656573616E732C2073616E732D73657269663B2077686974652D73706163653A206E6F726D616C3B2220636C6173733D22206C6973742D70616464696E676C6566742D32223E3C756C20636C6173733D22206C6973742D70616464696E676C6566742D3222207374796C653D226C6973742D7374796C652D747970653A207371756172653B223E3C6C693E3C703EE5AD90E7B1BBE7BBA7E689BFE4BA86E788B6E7B1BBEFBC8CE59CA8E5AD90E7B1BBE69E84E980A0E587BDE695B0E4B8ADE5BF85E9A1BBE8B083E794A87375706572E696B9E6B395E380823C2F703E3C2F6C693E3C6C693E3C703EE5AD90E7B1BBE79A84636F6E7374727563746F72E696B9E6B395E6B2A1E69C89E8B083E794A87375706572E4B98BE5898DEFBC8CE4B88DE883BDE4BDBFE794A874686973E585B3E994AEE5AD97EFBC8CE590A6E58899E68AA5E99499EFBC8CE8808CE694BEE59CA87375706572E696B9E6B395E4B98BE5908EE5B0B1E698AFE6ADA3E7A1AEE79A84E380823C2F703E3C2F6C693E3C2F756C3E3C2F756C3E3C68332069643D225F313622207374796C653D22626F782D73697A696E673A20626F726465722D626F783B206D617267696E2D746F703A2031656D3B206D617267696E2D626F74746F6D3A20313670783B206C696E652D6865696768743A20312E34333B20666F6E742D73697A653A20312E35656D3B20706F736974696F6E3A2072656C61746976653B20636F6C6F723A207267622835312C2035312C203531293B20666F6E742D66616D696C793A202671756F743B48656C766574696361204E6575652671756F743B2C2048656C7665746963612C202671756F743B5365676F652055492671756F743B2C20417269616C2C206672656573616E732C2073616E732D73657269663B2077686974652D73706163653A206E6F726D616C3B223E266E6273703B266E6273703B266E6273703B266E6273703B3C61206E616D653D22757365722D636F6E74656E742D5F31362220687265663D2266696C653A2F2F2F453A2F42616964754E65746469736B446F776E6C6F61642F2545372542422541372545362538392542462F646F632F436C6F7375726526496E68657269742E68746D6C235F31362220636C6173733D22686561646572616E63686F722D6C696E6B2220617269612D68696464656E3D227472756522207374796C653D22626F782D73697A696E673A20626F726465722D626F783B206261636B67726F756E642D696D6167653A20696E697469616C3B206261636B67726F756E642D706F736974696F6E3A20696E697469616C3B206261636B67726F756E642D73697A653A20696E697469616C3B206261636B67726F756E642D7265706561743A20696E697469616C3B206261636B67726F756E642D6174746163686D656E743A20696E697469616C3B206261636B67726F756E642D6F726967696E3A20696E697469616C3B206261636B67726F756E642D636C69703A20696E697469616C3B20636F6C6F723A207267622836352C203133312C20313936293B20746578742D6465636F726174696F6E2D6C696E653A206E6F6E653B20706F736974696F6E3A206162736F6C7574653B20746F703A203070783B20626F74746F6D3A203070783B206C6566743A203070783B20646973706C61793A20626C6F636B3B2070616464696E672D72696768743A203670783B2070616464696E672D6C6566743A20333070783B206D617267696E2D6C6566743A202D333070783B223E3C2F613EE99D99E68081E696B9E6B3953C2F68333E3C70207374796C653D22626F782D73697A696E673A20626F726465722D626F783B206D617267696E2D746F703A203070783B206D617267696E2D626F74746F6D3A20313670783B20636F6C6F723A207267622835312C2035312C203531293B20666F6E742D66616D696C793A202671756F743B48656C766574696361204E6575652671756F743B2C2048656C7665746963612C202671756F743B5365676F652055492671756F743B2C20417269616C2C206672656573616E732C2073616E732D73657269663B2077686974652D73706163653A206E6F726D616C3B223E266E6273703B266E6273703B266E6273703B266E6273703B266E6273703B266E6273703B266E6273703B266E6273703BE5A682E69E9CE59CA8E4B880E4B8AAE696B9E6B395E5898DEFBC8CE58AA0E4B88A737461746963E585B3E994AEE5AD97EFBC8CE8BF99E5B0B1E7A7B0E4B8BAE2809CE99D99E68081E696B9E6B395E2809D3C6272207374796C653D22626F782D73697A696E673A20626F726465722D626F783B222F3E3C2F703E3C707265207374796C653D22626F782D73697A696E673A20626F726465722D626F783B206F766572666C6F773A206175746F3B20666F6E742D66616D696C793A20436F6E736F6C61732C202671756F743B4C696265726174696F6E204D6F6E6F2671756F743B2C204D656E6C6F2C20436F75726965722C206D6F6E6F73706163653B20666F6E742D73697A653A2031332E3670783B206D617267696E2D746F703A203070783B206D617267696E2D626F74746F6D3A20313670783B2070616464696E673A20313670783B206C696E652D6865696768743A20312E34353B206261636B67726F756E642D636F6C6F723A20726762283234372C203234372C20323437293B20626F726465722D7261646975733A203370783B206F766572666C6F772D777261703A206E6F726D616C3B20636F6C6F723A207267622835312C2035312C203531293B223E266E6273703B266E6273703B266E6273703B266E6273703B3C636F646520636C6173733D226A61766173637269707422207374796C653D22626F782D73697A696E673A20626F726465722D626F783B20666F6E742D66616D696C793A20436F6E736F6C61732C202671756F743B4C696265726174696F6E204D6F6E6F2671756F743B2C204D656E6C6F2C20436F75726965722C206D6F6E6F73706163653B20666F6E742D73697A653A2031332E3670783B2070616464696E673A203070783B206D617267696E3A203070783B206261636B67726F756E643A207472616E73706172656E743B20626F726465722D7261646975733A203370783B20776F72642D627265616B3A206E6F726D616C3B20626F726465723A203070783B20646973706C61793A20696E6C696E653B206D61782D77696474683A20696E697469616C3B206F766572666C6F773A20696E697469616C3B206C696E652D6865696768743A20696E68657269743B206F766572666C6F772D777261703A206E6F726D616C3B223E636C61737320506572736F6E207B0D0A20266E6273703B20266E6273703B266E6273703B266E6273703B266E6273703B266E6273703B636F6E7374727563746F7228297B0D0A20266E6273703B20266E6273703B20266E6273703B20266E6273703B266E6273703B266E6273703B266E6273703B266E6273703B746869732E6E616D65203D20262333393B6C616F786965262333393B2C0D0A20266E6273703B20266E6273703B20266E6273703B20266E6273703B266E6273703B266E6273703B266E6273703B266E6273703B746869732E616765203D2031383B0D0A20266E6273703B20266E6273703B266E6273703B266E6273703B266E6273703B266E6273703B7D0D0A20266E6273703B20266E6273703B266E6273703B266E6273703B266E6273703B266E6273703B73746174696320676574496E666F28297B0D0A20266E6273703B20266E6273703B20266E6273703B20266E6273703B266E6273703B266E6273703B266E6273703B266E6273703B72657475726E20746869732E6E616D650D0A20266E6273703B20266E6273703B266E6273703B266E6273703B266E6273703B266E6273703B7D0D0A20266E6273703B20266E6273703B266E6273703B266E6273703B266E6273703B266E6273703B73617928297B0D0A20266E6273703B20266E6273703B20266E6273703B20266E6273703B266E6273703B266E6273703B266E6273703B266E6273703B636F6E736F6C652E6C6F67286048656C6C6F2065766572796F6E652C206D79206E616D6520697320247B746869732E6E616D657D2C2049262333393B6D20247B746869732E6167657D207965617273206F6C6460290D0A20266E6273703B20266E6273703B266E6273703B266E6273703B266E6273703B266E6273703B7D0D0A266E6273703B266E6273703B266E6273703B266E6273703B7D0D0A266E6273703B266E6273703B266E6273703B266E6273703B636C617373204D616E20657874656E647320506572736F6E207B7D3C2F636F64653E3C2F7072653E3C70207374796C653D22626F782D73697A696E673A20626F726465722D626F783B206D617267696E2D746F703A203070783B206D617267696E2D626F74746F6D3A20313670783B20636F6C6F723A207267622835312C2035312C203531293B20666F6E742D66616D696C793A202671756F743B48656C766574696361204E6575652671756F743B2C2048656C7665746963612C202671756F743B5365676F652055492671756F743B2C20417269616C2C206672656573616E732C2073616E732D73657269663B2077686974652D73706163653A206E6F726D616C3B223E266E6273703B266E6273703B266E6273703B266E6273703B3C62722F3E3C2F703E3C756C207374796C653D22626F782D73697A696E673A20626F726465722D626F783B2070616464696E673A2030707820307078203070782032656D3B206D617267696E2D626F74746F6D3A20313670783B20636F6C6F723A207267622835312C2035312C203531293B2077686974652D73706163653A206E6F726D616C3B2220636C6173733D22206C6973742D70616464696E676C6566742D32223E3C756C20636C6173733D22206C6973742D70616464696E676C6566742D3222207374796C653D226C6973742D7374796C652D747970653A207371756172653B223E3C6C693E3C703EE99D99E68081E696B9E6B395E696B9E6B395E4B88DE4BC9AE8A2ABE5AE9EE4BE8BE7BBA7E689BFEFBC8CE8808CE698AFE79BB4E68EA5E9809AE8BF87E7B1BBE69DA5E8B083E794A83C636F6465207374796C653D22626F782D73697A696E673A20626F726465722D626F783B20666F6E742D66616D696C793A20436F6E736F6C61732C202671756F743B4C696265726174696F6E204D6F6E6F2671756F743B2C204D656E6C6F2C20436F75726965722C206D6F6E6F73706163653B20666F6E742D73697A653A2031332E3670783B2070616464696E673A20302E32656D203070783B206D617267696E3A203070783B206261636B67726F756E642D636F6C6F723A207267626128302C20302C20302C20302E3034293B20626F726465722D7261646975733A203370783B223E506572736F6E2E676574496E666F28293C2F636F64653E3C2F703E3C2F6C693E3C6C693E3C703EE788B6E7B1BBE79A84E99D99E68081E696B9E6B395EFBC8CE58FAFE4BBA5E8A2ABE5AD90E7B1BBE7BBA7E689BF3C636F6465207374796C653D22626F782D73697A696E673A20626F726465722D626F783B20666F6E742D66616D696C793A20436F6E736F6C61732C202671756F743B4C696265726174696F6E204D6F6E6F2671756F743B2C204D656E6C6F2C20436F75726965722C206D6F6E6F73706163653B20666F6E742D73697A653A2031332E3670783B2070616464696E673A20302E32656D203070783B206D617267696E3A203070783B206261636B67726F756E642D636F6C6F723A207267626128302C20302C20302C20302E3034293B20626F726465722D7261646975733A203370783B223E4D616E2E676574496E666F28293C2F636F64653E3C2F703E3C2F6C693E3C6C693E3C703E3C7370616E207374796C653D22636F6C6F723A207267622835312C2035312C203531293B20666F6E742D66616D696C793A202671756F743B48656C766574696361204E6575652671756F743B2C2048656C7665746963612C202671756F743B5365676F652055492671756F743B2C20417269616C2C206672656573616E732C2073616E732D73657269663B223EE4BE8BE5AD90EFBC9A3C2F7370616E3E266E6273703B20266E6273703B20266E6273703B20266E6273703B20266E6273703B3C2F703E3C2F6C693E3C2F756C3E3C2F756C3E3C70207374796C653D2277686974652D73706163653A206E6F726D616C3B223E266E6273703B266E6273703B266E6273703B266E6273703B266E6273703B266E6273703B266E6273703B266E6273703B266E6273703B266E6273703B266E6273703B266E6273703B266E6273703B266E6273703B266E6273703B266E6273703B266E6273703B2F2F20E788B6E7B1BBEFBC9AE7B1BBE59E8B3C2F703E3C70207374796C653D2277686974652D73706163653A206E6F726D616C3B223E266E6273703B266E6273703B266E6273703B266E6273703B266E6273703B266E6273703B266E6273703B266E6273703B266E6273703B266E6273703B266E6273703B266E6273703B266E6273703B266E6273703B266E6273703B266E6273703B3C7370616E207374796C653D2277686974652D73706163653A207072653B223E3C2F7370616E3E636C61737320506572736F6E7B3C2F703E3C70207374796C653D2277686974652D73706163653A206E6F726D616C3B223E266E6273703B266E6273703B266E6273703B266E6273703B266E6273703B266E6273703B266E6273703B266E6273703B266E6273703B266E6273703B266E6273703B266E6273703B266E6273703B266E6273703B266E6273703B266E6273703B266E6273703B266E6273703B266E6273703B266E6273703B266E6273703B266E6273703B3C7370616E207374796C653D2277686974652D73706163653A207072653B223E3C2F7370616E3E2F2F20E69E84E980A0E587BDE695B03C2F703E3C70207374796C653D2277686974652D73706163653A206E6F726D616C3B223E266E6273703B266E6273703B266E6273703B266E6273703B266E6273703B266E6273703B266E6273703B266E6273703B266E6273703B266E6273703B266E6273703B266E6273703B266E6273703B266E6273703B266E6273703B266E6273703B3C7370616E207374796C653D2277686974652D73706163653A207072653B223E3C2F7370616E3E266E6273703B266E6273703B266E6273703B266E6273703B266E6273703B636F6E7374727563746F72286E616D652C6167652C67656E64657229207B3C2F703E3C70207374796C653D2277686974652D73706163653A206E6F726D616C3B223E266E6273703B266E6273703B266E6273703B266E6273703B266E6273703B266E6273703B266E6273703B266E6273703B266E6273703B266E6273703B266E6273703B266E6273703B266E6273703B266E6273703B266E6273703B266E6273703B3C7370616E207374796C653D2277686974652D73706163653A207072653B223E3C2F7370616E3E266E6273703B20266E6273703B20266E6273703B20266E6273703B20746869732E6E616D65203D206E616D653B3C2F703E3C70207374796C653D2277686974652D73706163653A206E6F726D616C3B223E266E6273703B266E6273703B266E6273703B266E6273703B266E6273703B266E6273703B266E6273703B266E6273703B266E6273703B266E6273703B266E6273703B266E6273703B266E6273703B266E6273703B266E6273703B266E6273703B3C7370616E207374796C653D2277686974652D73706163653A207072653B223E3C2F7370616E3E266E6273703B20266E6273703B20266E6273703B20266E6273703B20746869732E616765203D206167653B3C2F703E3C70207374796C653D2277686974652D73706163653A206E6F726D616C3B223E266E6273703B266E6273703B266E6273703B266E6273703B266E6273703B266E6273703B266E6273703B266E6273703B266E6273703B266E6273703B266E6273703B266E6273703B266E6273703B266E6273703B266E6273703B266E6273703B3C7370616E207374796C653D2277686974652D73706163653A207072653B223E3C2F7370616E3E266E6273703B20266E6273703B20266E6273703B20266E6273703B20746869732E67656E646572203D2067656E6465723B3C2F703E3C70207374796C653D2277686974652D73706163653A206E6F726D616C3B223E266E6273703B266E6273703B266E6273703B266E6273703B266E6273703B266E6273703B266E6273703B266E6273703B266E6273703B266E6273703B266E6273703B266E6273703B266E6273703B266E6273703B266E6273703B266E6273703B3C7370616E207374796C653D2277686974652D73706163653A207072653B223E3C2F7370616E3E266E6273703B20266E6273703B207D3C2F703E3C70207374796C653D2277686974652D73706163653A206E6F726D616C3B223E266E6273703B266E6273703B266E6273703B266E6273703B266E6273703B266E6273703B266E6273703B266E6273703B266E6273703B266E6273703B266E6273703B266E6273703B266E6273703B266E6273703B266E6273703B266E6273703B3C62722F3E3C2F703E3C70207374796C653D2277686974652D73706163653A206E6F726D616C3B223E266E6273703B266E6273703B266E6273703B266E6273703B266E6273703B266E6273703B266E6273703B266E6273703B266E6273703B266E6273703B266E6273703B266E6273703B266E6273703B266E6273703B266E6273703B266E6273703B3C7370616E207374796C653D2277686974652D73706163653A207072653B223E3C2F7370616E3E266E6273703B20266E6273703B202F2F20E8BF99E9878CE79A84E696B9E6B395E58699E588B0E58E9FE59E8BE5AFB9E8B1A1E4B8AD3C2F703E3C70207374796C653D2277686974652D73706163653A206E6F726D616C3B223E266E6273703B266E6273703B266E6273703B266E6273703B266E6273703B266E6273703B266E6273703B266E6273703B266E6273703B266E6273703B266E6273703B266E6273703B266E6273703B266E6273703B266E6273703B266E6273703B3C7370616E207374796C653D2277686974652D73706163653A207072653B223E3C2F7370616E3E266E6273703B20266E6273703B2073617928297B3C2F703E3C70207374796C653D2277686974652D73706163653A206E6F726D616C3B223E266E6273703B266E6273703B266E6273703B266E6273703B266E6273703B266E6273703B266E6273703B266E6273703B266E6273703B266E6273703B266E6273703B266E6273703B266E6273703B266E6273703B266E6273703B266E6273703B3C7370616E207374796C653D2277686974652D73706163653A207072653B223E3C2F7370616E3E266E6273703B20266E6273703B20266E6273703B266E6273703B266E6273703B266E6273703B3C7370616E207374796C653D2277686974652D73706163653A207072653B223E3C2F7370616E3E636F6E736F6C652E6C6F672860E5A4A7E5AEB6E5A5BDEFBC8CE68891E58FAB247B746869732E6E616D657DEFBC8CE68891E698AFE5BCA0E58AA0E5B88560293B3C2F703E3C70207374796C653D2277686974652D73706163653A206E6F726D616C3B223E266E6273703B266E6273703B266E6273703B266E6273703B266E6273703B266E6273703B266E6273703B266E6273703B266E6273703B266E6273703B266E6273703B266E6273703B266E6273703B266E6273703B266E6273703B266E6273703B3C7370616E207374796C653D2277686974652D73706163653A207072653B223E3C2F7370616E3E266E6273703B20266E6273703B207D3C2F703E3C70207374796C653D2277686974652D73706163653A206E6F726D616C3B223E266E6273703B266E6273703B266E6273703B266E6273703B266E6273703B266E6273703B266E6273703B266E6273703B266E6273703B266E6273703B266E6273703B266E6273703B266E6273703B266E6273703B266E6273703B266E6273703B3C62722F3E3C2F703E3C70207374796C653D2277686974652D73706163653A206E6F726D616C3B223E266E6273703B266E6273703B266E6273703B266E6273703B266E6273703B266E6273703B266E6273703B266E6273703B266E6273703B266E6273703B266E6273703B266E6273703B266E6273703B266E6273703B266E6273703B266E6273703B3C7370616E207374796C653D2277686974652D73706163653A207072653B223E3C2F7370616E3E266E6273703B20266E6273703B2065617428297B3C2F703E3C70207374796C653D2277686974652D73706163653A206E6F726D616C3B223E266E6273703B266E6273703B266E6273703B266E6273703B266E6273703B266E6273703B266E6273703B266E6273703B266E6273703B266E6273703B266E6273703B266E6273703B266E6273703B266E6273703B266E6273703B266E6273703B3C7370616E207374796C653D2277686974652D73706163653A207072653B223E3C2F7370616E3E266E6273703B20266E6273703B20266E6273703B266E6273703B266E6273703B266E6273703B3C7370616E207374796C653D2277686974652D73706163653A207072653B223E3C2F7370616E3E636F6E736F6C652E6C6F672860E5A4A7E5AEB6E5A5BDEFBC8CE68891E58FAB247B746869732E6E616D657DEFBC8CE68891E59083E586B0E6BF80E5878C60293B3C2F703E3C70207374796C653D2277686974652D73706163653A206E6F726D616C3B223E266E6273703B266E6273703B266E6273703B266E6273703B266E6273703B266E6273703B266E6273703B266E6273703B266E6273703B266E6273703B266E6273703B266E6273703B266E6273703B266E6273703B266E6273703B266E6273703B3C7370616E207374796C653D2277686974652D73706163653A207072653B223E3C2F7370616E3E266E6273703B20266E6273703B207D3C2F703E3C70207374796C653D2277686974652D73706163653A206E6F726D616C3B223E266E6273703B266E6273703B266E6273703B266E6273703B266E6273703B266E6273703B266E6273703B266E6273703B266E6273703B266E6273703B266E6273703B266E6273703B266E6273703B266E6273703B266E6273703B266E6273703B3C7370616E207374796C653D2277686974652D73706163653A207072653B223E3C2F7370616E3E7D3C7370616E207374796C653D2277686974652D73706163653A207072653B223E3C2F7370616E3E3C2F703E3C70207374796C653D2277686974652D73706163653A206E6F726D616C3B223E266E6273703B266E6273703B266E6273703B266E6273703B266E6273703B266E6273703B266E6273703B266E6273703B266E6273703B266E6273703B266E6273703B266E6273703B266E6273703B266E6273703B266E6273703B266E6273703B3C62722F3E3C2F703E3C70207374796C653D2277686974652D73706163653A206E6F726D616C3B223E266E6273703B266E6273703B266E6273703B266E6273703B266E6273703B266E6273703B266E6273703B266E6273703B266E6273703B266E6273703B266E6273703B266E6273703B266E6273703B266E6273703B266E6273703B266E6273703B3C7370616E207374796C653D2277686974652D73706163653A207072653B223E3C2F7370616E3E7661722070203D206E657720506572736F6E28262333393B7869616F687561262333393B2C32382C262333393BE5A5B3262333393B293B3C2F703E3C70207374796C653D2277686974652D73706163653A206E6F726D616C3B223E266E6273703B266E6273703B266E6273703B266E6273703B266E6273703B266E6273703B266E6273703B266E6273703B266E6273703B266E6273703B266E6273703B266E6273703B266E6273703B266E6273703B266E6273703B266E6273703B3C7370616E207374796C653D2277686974652D73706163653A207072653B223E3C2F7370616E3E702E73617928293B3C2F703E3C70207374796C653D2277686974652D73706163653A206E6F726D616C3B223E266E6273703B266E6273703B266E6273703B266E6273703B266E6273703B266E6273703B266E6273703B266E6273703B266E6273703B266E6273703B266E6273703B266E6273703B266E6273703B266E6273703B266E6273703B266E6273703B3C7370616E207374796C653D2277686974652D73706163653A207072653B223E3C2F7370616E3E702E65617428293B3C2F703E3C70207374796C653D2277686974652D73706163653A206E6F726D616C3B223E266E6273703B266E6273703B266E6273703B266E6273703B266E6273703B266E6273703B266E6273703B266E6273703B266E6273703B266E6273703B266E6273703B266E6273703B266E6273703B266E6273703B266E6273703B266E6273703B3C7370616E207374796C653D2277686974652D73706163653A207072653B223E3C2F7370616E3E636F6E736F6C652E6C6F672870293B3C2F703E3C70207374796C653D2277686974652D73706163653A206E6F726D616C3B223E3C62722F3E3C2F703E3C70207374796C653D2277686974652D73706163653A206E6F726D616C3B223E266E6273703B266E6273703B266E6273703B266E6273703B266E6273703B266E6273703B266E6273703B266E6273703B266E6273703B266E6273703B266E6273703B266E6273703B266E6273703B266E6273703B266E6273703B266E6273703B2F2F20E5AD90E7B1BB3C2F703E3C70207374796C653D2277686974652D73706163653A206E6F726D616C3B223E266E6273703B266E6273703B266E6273703B266E6273703B266E6273703B266E6273703B266E6273703B266E6273703B266E6273703B266E6273703B266E6273703B266E6273703B266E6273703B266E6273703B266E6273703B266E6273703B3C7370616E207374796C653D2277686974652D73706163653A207072653B223E3C2F7370616E3E636C617373204D616E20657874656E647320506572736F6E7B3C2F703E3C70207374796C653D2277686974652D73706163653A206E6F726D616C3B223E266E6273703B266E6273703B266E6273703B266E6273703B266E6273703B266E6273703B266E6273703B266E6273703B266E6273703B266E6273703B266E6273703B266E6273703B266E6273703B266E6273703B266E6273703B266E6273703B266E6273703B266E6273703B266E6273703B266E6273703B3C7370616E207374796C653D2277686974652D73706163653A207072653B223E3C2F7370616E3E636F6E7374727563746F72286E616D652C616765297B3C2F703E3C70207374796C653D2277686974652D73706163653A206E6F726D616C3B223E266E6273703B266E6273703B266E6273703B266E6273703B266E6273703B266E6273703B266E6273703B266E6273703B266E6273703B266E6273703B266E6273703B266E6273703B266E6273703B266E6273703B266E6273703B266E6273703B266E6273703B266E6273703B266E6273703B266E6273703B266E6273703B266E6273703B266E6273703B266E6273703B3C7370616E207374796C653D2277686974652D73706163653A207072653B223E3C2F7370616E3E2F2F20E7BBA7E689BFE5B19EE680A73C2F703E3C70207374796C653D2277686974652D73706163653A206E6F726D616C3B223E266E6273703B266E6273703B266E6273703B266E6273703B266E6273703B266E6273703B266E6273703B266E6273703B266E6273703B266E6273703B266E6273703B266E6273703B266E6273703B266E6273703B266E6273703B266E6273703B266E6273703B266E6273703B266E6273703B266E6273703B266E6273703B266E6273703B266E6273703B266E6273703B3C7370616E207374796C653D2277686974652D73706163653A207072653B223E3C2F7370616E3E7375706572286E616D652C20616765293B3C2F703E3C70207374796C653D2277686974652D73706163653A206E6F726D616C3B223E266E6273703B266E6273703B266E6273703B266E6273703B266E6273703B266E6273703B266E6273703B266E6273703B266E6273703B266E6273703B266E6273703B266E6273703B266E6273703B266E6273703B266E6273703B266E6273703B266E6273703B266E6273703B266E6273703B266E6273703B266E6273703B266E6273703B266E6273703B266E6273703B3C7370616E207374796C653D2277686974652D73706163653A207072653B223E3C2F7370616E3E746869732E67656E646572203D20262333393BE794B7262333393B3B3C2F703E3C70207374796C653D2277686974652D73706163653A206E6F726D616C3B223E266E6273703B266E6273703B266E6273703B266E6273703B266E6273703B266E6273703B266E6273703B266E6273703B266E6273703B266E6273703B266E6273703B266E6273703B266E6273703B266E6273703B266E6273703B266E6273703B266E6273703B266E6273703B266E6273703B266E6273703B3C7370616E207374796C653D2277686974652D73706163653A207072653B223E3C2F7370616E3E7D3C2F703E3C70207374796C653D2277686974652D73706163653A206E6F726D616C3B223E266E6273703B266E6273703B266E6273703B266E6273703B266E6273703B266E6273703B266E6273703B266E6273703B266E6273703B266E6273703B266E6273703B266E6273703B266E6273703B266E6273703B266E6273703B266E6273703B266E6273703B266E6273703B266E6273703B266E6273703B3C7370616E207374796C653D2277686974652D73706163653A207072653B223E3C2F7370616E3E2F2F20E99D99E68081E696B9E6B3953C2F703E3C70207374796C653D2277686974652D73706163653A206E6F726D616C3B223E266E6273703B266E6273703B266E6273703B266E6273703B266E6273703B266E6273703B266E6273703B266E6273703B266E6273703B266E6273703B266E6273703B266E6273703B266E6273703B266E6273703B266E6273703B266E6273703B266E6273703B266E6273703B266E6273703B266E6273703B3C7370616E207374796C653D2277686974652D73706163653A207072653B223E3C2F7370616E3E737461746963206765744E616D6528297B3C2F703E3C70207374796C653D2277686974652D73706163653A206E6F726D616C3B223E266E6273703B266E6273703B266E6273703B266E6273703B266E6273703B266E6273703B266E6273703B266E6273703B266E6273703B266E6273703B266E6273703B266E6273703B266E6273703B266E6273703B266E6273703B266E6273703B266E6273703B266E6273703B266E6273703B266E6273703B266E6273703B266E6273703B266E6273703B266E6273703B3C7370616E207374796C653D2277686974652D73706163653A207072653B223E3C2F7370616E3E72657475726E20746869732E6E616D653B3C2F703E3C70207374796C653D2277686974652D73706163653A206E6F726D616C3B223E266E6273703B266E6273703B266E6273703B266E6273703B266E6273703B266E6273703B266E6273703B266E6273703B266E6273703B266E6273703B266E6273703B266E6273703B266E6273703B266E6273703B266E6273703B266E6273703B266E6273703B266E6273703B266E6273703B266E6273703B3C7370616E207374796C653D2277686974652D73706163653A207072653B223E3C2F7370616E3E7D3C2F703E3C70207374796C653D2277686974652D73706163653A206E6F726D616C3B223E3C7370616E207374796C653D2277686974652D73706163653A207072653B223E3C2F7370616E3E266E6273703B266E6273703B266E6273703B266E6273703B266E6273703B266E6273703B266E6273703B266E6273703B266E6273703B266E6273703B266E6273703B266E6273703B266E6273703B266E6273703B266E6273703B266E6273703B7D3C2F703E3C70207374796C653D2277686974652D73706163653A206E6F726D616C3B223E3C7370616E207374796C653D2277686974652D73706163653A207072653B223E3C2F7370616E3E266E6273703B266E6273703B266E6273703B266E6273703B266E6273703B266E6273703B266E6273703B266E6273703B266E6273703B266E6273703B266E6273703B266E6273703B266E6273703B266E6273703B266E6273703B266E6273703B2F2F20E5AE9EE4BE8B3C2F703E3C70207374796C653D2277686974652D73706163653A206E6F726D616C3B223E3C7370616E207374796C653D2277686974652D73706163653A207072653B223E3C2F7370616E3E266E6273703B266E6273703B266E6273703B266E6273703B266E6273703B266E6273703B266E6273703B266E6273703B266E6273703B266E6273703B266E6273703B266E6273703B266E6273703B266E6273703B266E6273703B266E6273703B766172206D203D206E6577204D616E28262333393B7869616F6C69262333393B2C3138293B3C2F703E3C70207374796C653D2277686974652D73706163653A206E6F726D616C3B223E266E6273703B266E6273703B266E6273703B266E6273703B266E6273703B266E6273703B266E6273703B266E6273703B266E6273703B266E6273703B266E6273703B266E6273703B266E6273703B266E6273703B266E6273703B266E6273703B3C7370616E207374796C653D2277686974652D73706163653A207072653B223E3C2F7370616E3E6D2E73617928293B3C2F703E3C70207374796C653D2277686974652D73706163653A206E6F726D616C3B223E266E6273703B266E6273703B266E6273703B266E6273703B266E6273703B266E6273703B266E6273703B266E6273703B266E6273703B266E6273703B266E6273703B266E6273703B266E6273703B266E6273703B266E6273703B266E6273703B3C7370616E207374796C653D2277686974652D73706163653A207072653B223E3C2F7370616E3E6D2E65617428293B3C2F703E3C70207374796C653D2277686974652D73706163653A206E6F726D616C3B223E3C7370616E207374796C653D2277686974652D73706163653A207072653B223E3C2F7370616E3E266E6273703B266E6273703B266E6273703B266E6273703B266E6273703B266E6273703B266E6273703B266E6273703B266E6273703B266E6273703B266E6273703B266E6273703B266E6273703B266E6273703B266E6273703B266E6273703B636F6E736F6C652E6C6F67286D293B3C2F703E3C70207374796C653D2277686974652D73706163653A206E6F726D616C3B223E3C62722F3E3C2F703E3C70207374796C653D2277686974652D73706163653A206E6F726D616C3B223E3C7370616E207374796C653D2277686974652D73706163653A207072653B223E3C2F7370616E3E266E6273703B266E6273703B266E6273703B266E6273703B266E6273703B266E6273703B266E6273703B266E6273703B266E6273703B266E6273703B266E6273703B266E6273703B266E6273703B266E6273703B266E6273703B266E6273703B2F2F20E99D99E68081E696B9E6B395E79A84E8B083E794A8EFBC9AE79BB4E68EA5E9809AE8BF87E7B1BBE8B083E794A83C2F703E3C70207374796C653D2277686974652D73706163653A206E6F726D616C3B223E3C7370616E207374796C653D2277686974652D73706163653A207072653B223E3C2F7370616E3E266E6273703B266E6273703B266E6273703B266E6273703B266E6273703B266E6273703B266E6273703B266E6273703B266E6273703B266E6273703B266E6273703B266E6273703B266E6273703B266E6273703B266E6273703B266E6273703B4D616E2E6765744E616D6528293B3C2F703E3C70207374796C653D2277686974652D73706163653A206E6F726D616C3B223E266E6273703B266E6273703B266E6273703B266E6273703B266E6273703B266E6273703B266E6273703B266E6273703B266E6273703B266E6273703B266E6273703B266E6273703B266E6273703B266E6273703B266E6273703B202F2FE5A4A7E5AEB6E5A5BDEFBC8CE68891E58FAB7869616F687561EFBC8CE68891E698AFE5BCA0E58AA0E5B8853C2F703E3C70207374796C653D2277686974652D73706163653A206E6F726D616C3B223E266E6273703B266E6273703B266E6273703B266E6273703B266E6273703B266E6273703B266E6273703B266E6273703B266E6273703B266E6273703B266E6273703B266E6273703B266E6273703B266E6273703B266E6273703B266E6273703B2F2FE5A4A7E5AEB6E5A5BDEFBC8CE68891E58FAB7869616F687561EFBC8CE68891E59083E586B0E6BF80E5878C3C2F703E3C70207374796C653D2277686974652D73706163653A206E6F726D616C3B223E266E6273703B266E6273703B266E6273703B266E6273703B266E6273703B266E6273703B266E6273703B266E6273703B266E6273703B266E6273703B266E6273703B266E6273703B266E6273703B266E6273703B266E6273703B266E6273703B2F2F506572736F6E207B6E616D653A202671756F743B7869616F6875612671756F743B2C206167653A2032382C2067656E6465723A202671756F743BE5A5B32671756F743B7D3C2F703E3C70207374796C653D2277686974652D73706163653A206E6F726D616C3B223E266E6273703B266E6273703B266E6273703B266E6273703B266E6273703B266E6273703B266E6273703B266E6273703B266E6273703B266E6273703B266E6273703B266E6273703B266E6273703B266E6273703B266E6273703B266E6273703B2F2FE5A4A7E5AEB6E5A5BDEFBC8CE68891E58FAB7869616F6C69EFBC8CE68891E698AFE5BCA0E58AA0E5B8853C2F703E3C70207374796C653D2277686974652D73706163653A206E6F726D616C3B223E266E6273703B266E6273703B266E6273703B266E6273703B266E6273703B266E6273703B266E6273703B266E6273703B266E6273703B266E6273703B266E6273703B266E6273703B266E6273703B266E6273703B266E6273703B266E6273703B2F2FE5A4A7E5AEB6E5A5BDEFBC8CE68891E58FAB7869616F6C69EFBC8CE68891E59083E586B0E6BF80E5878C3C2F703E3C70207374796C653D2277686974652D73706163653A206E6F726D616C3B223E266E6273703B266E6273703B266E6273703B266E6273703B266E6273703B266E6273703B266E6273703B266E6273703B266E6273703B266E6273703B266E6273703B266E6273703B266E6273703B266E6273703B266E6273703B266E6273703B2F2F4D616E207B6E616D653A202671756F743B7869616F6C692671756F743B2C206167653A2031382C2067656E6465723A202671756F743BE794B72671756F743B7D3C2F703E3C70207374796C653D2277686974652D73706163653A206E6F726D616C3B223E3C62722F3E3C2F703E, '继承，面向对象', '2', '1', '2018-12-11 12:15:42', '1', '2018-12-11 14:42:48');

-- ----------------------------
-- Table structure for blog_note_category
-- ----------------------------
DROP TABLE IF EXISTS `blog_note_category`;
CREATE TABLE `blog_note_category` (
  `id` int(11) NOT NULL AUTO_INCREMENT COMMENT 'ID',
  `title` varchar(300) NOT NULL COMMENT '标题',
  `status` tinyint(1) DEFAULT NULL COMMENT '状态：1表示草稿；2表示已发布；',
  `create_user_id` int(11) NOT NULL COMMENT '创建人',
  `create_time` datetime NOT NULL COMMENT '创建时间',
  `update_user_id` int(11) NOT NULL COMMENT '更新人',
  `update_time` datetime NOT NULL COMMENT '更新时间',
  PRIMARY KEY (`id`)
) ENGINE=InnoDB AUTO_INCREMENT=47 DEFAULT CHARSET=utf8;

-- ----------------------------
-- Records of blog_note_category
-- ----------------------------
INSERT INTO `blog_note_category` VALUES ('36', 'vue', null, '1', '2018-12-06 18:55:30', '1', '2018-12-06 18:55:30');
INSERT INTO `blog_note_category` VALUES ('38', 'node.js', null, '1', '2018-12-06 18:56:40', '1', '2018-12-06 18:56:40');
INSERT INTO `blog_note_category` VALUES ('43', 'javaScript', '2', '1', '2018-12-11 09:44:31', '1', '2018-12-11 14:29:05');
INSERT INTO `blog_note_category` VALUES ('44', '面试专题', null, '1', '2018-12-11 09:45:03', '1', '2018-12-11 09:45:03');
INSERT INTO `blog_note_category` VALUES ('45', 'mySql', null, '1', '2018-12-11 09:47:05', '1', '2018-12-11 09:47:05');
INSERT INTO `blog_note_category` VALUES ('46', 'jQyery', '1', '1', '2018-12-11 09:47:18', '1', '2018-12-11 16:22:35');
